<?xml version="1.0" encoding="UTF-8"?>
<config xmlns="http://www.knime.org/2008/09/XMLConfig" xmlns:xsi="http://www.w3.org/2001/XMLSchema-instance" xsi:schemaLocation="http://www.knime.org/2008/09/XMLConfig http://www.knime.org/XMLConfig_2008_09.xsd" key="model.xml">
<entry key="version" type="xint" value="1"/>
<entry key="class_name" type="xstring" value="org.knime.base.data.normalize.NormalizerPortObject"/>
<config key="model">
<config key="columns">
<config key="Social">
<entry key="column_name" type="xstring" value="Social"/>
<entry key="column_scale" type="xdouble" value="1.52253274249148E-10"/>
<entry key="column_translate" type="xdouble" value="1.5051223372456595E-17"/>
<entry key="column_min" type="xdouble" value="NaN"/>
<entry key="column_max" type="xdouble" value="NaN"/>
</config>
<config key="Liberty Index">
<entry key="column_name" type="xstring" value="Liberty Index"/>
<entry key="column_scale" type="xdouble" value="0.5502664547808684"/>
<entry key="column_translate" type="xdouble" value="-1.4673928707375332"/>
<entry key="column_min" type="xdouble" value="NaN"/>
<entry key="column_max" type="xdouble" value="NaN"/>
</config>
<config key="Santé">
<entry key="column_name" type="xstring" value="Santé"/>
<entry key="column_scale" type="xdouble" value="0.017984633370975844"/>
<entry key="column_translate" type="xdouble" value="2.7116097608386207E-16"/>
<entry key="column_min" type="xdouble" value="NaN"/>
<entry key="column_max" type="xdouble" value="NaN"/>
</config>
<config key="Armée">
<entry key="column_name" type="xstring" value="Armée"/>
<entry key="column_scale" type="xdouble" value="4.267817454005691E-7"/>
<entry key="column_translate" type="xdouble" value="-6.5134425986241865E-18"/>
<entry key="column_min" type="xdouble" value="NaN"/>
<entry key="column_max" type="xdouble" value="NaN"/>
</config>
<config key="Démographie">
<entry key="column_name" type="xstring" value="Démographie"/>
<entry key="column_scale" type="xdouble" value="5.243994259656818E-9"/>
<entry key="column_translate" type="xdouble" value="-4.4788480205483264E-17"/>
<entry key="column_min" type="xdouble" value="NaN"/>
<entry key="column_max" type="xdouble" value="NaN"/>
</config>
<config key="Economie 1">
<entry key="column_name" type="xstring" value="Economie 1"/>
<entry key="column_scale" type="xdouble" value="2.4780707871705675E-11"/>
<entry key="column_translate" type="xdouble" value="7.839147685334675E-17"/>
<entry key="column_min" type="xdouble" value="NaN"/>
<entry key="column_max" type="xdouble" value="NaN"/>
</config>
<config key="Economie 2">
<entry key="column_name" type="xstring" value="Economie 2"/>
<entry key="column_scale" type="xdouble" value="1.6667889209507425E-10"/>
<entry key="column_translate" type="xdouble" value="8.72327077014079E-17"/>
<entry key="column_min" type="xdouble" value="NaN"/>
<entry key="column_max" type="xdouble" value="NaN"/>
</config>
</config>
<entry key="summary" type="xstring" value="Z-Score (Gaussian) normalization on 7 column(s)"/>
</config>
</config>
