<?xml version="1.0" encoding="UTF-8"?>
<config xmlns="http://www.knime.org/2008/09/XMLConfig" xmlns:xsi="http://www.w3.org/2001/XMLSchema-instance" xsi:schemaLocation="http://www.knime.org/2008/09/XMLConfig http://www.knime.org/XMLConfig_2008_09.xsd" key="model.xml">
<entry key="version" type="xint" value="1"/>
<entry key="class_name" type="xstring" value="org.knime.base.data.normalize.NormalizerPortObject"/>
<config key="model">
<config key="columns">
<config key="Liberty Index">
<entry key="column_name" type="xstring" value="Liberty Index"/>
<entry key="column_scale" type="xdouble" value="0.5215286884110087"/>
<entry key="column_translate" type="xdouble" value="-1.5175939046923645"/>
<entry key="column_min" type="xdouble" value="NaN"/>
<entry key="column_max" type="xdouble" value="NaN"/>
</config>
<config key="Adolescent fertility rate (births per 1,000 women ages 15-19)">
<entry key="column_name" type="xstring" value="Adolescent fertility rate (births per 1,000 women ages 15-19)"/>
<entry key="column_scale" type="xdouble" value="0.023396402021445606"/>
<entry key="column_translate" type="xdouble" value="-1.206787770794702"/>
<entry key="column_min" type="xdouble" value="NaN"/>
<entry key="column_max" type="xdouble" value="NaN"/>
</config>
<config key="Agriculture, value added (% of GDP)">
<entry key="column_name" type="xstring" value="Agriculture, value added (% of GDP)"/>
<entry key="column_scale" type="xdouble" value="0.07708392532675967"/>
<entry key="column_translate" type="xdouble" value="-1.0989923907019052"/>
<entry key="column_min" type="xdouble" value="NaN"/>
<entry key="column_max" type="xdouble" value="NaN"/>
</config>
<config key="Births attended by skilled health staff (% of total)">
<entry key="column_name" type="xstring" value="Births attended by skilled health staff (% of total)"/>
<entry key="column_scale" type="xdouble" value="0.03561268444518467"/>
<entry key="column_translate" type="xdouble" value="-2.640561842662293"/>
<entry key="column_min" type="xdouble" value="NaN"/>
<entry key="column_max" type="xdouble" value="NaN"/>
</config>
<config key="Cash surplus/deficit (% of GDP)">
<entry key="column_name" type="xstring" value="Cash surplus/deficit (% of GDP)"/>
<entry key="column_scale" type="xdouble" value="0.17641317390425637"/>
<entry key="column_translate" type="xdouble" value="-0.042384895256442685"/>
<entry key="column_min" type="xdouble" value="NaN"/>
<entry key="column_max" type="xdouble" value="NaN"/>
</config>
<config key="Contraceptive prevalence (% of women ages 15-49)">
<entry key="column_name" type="xstring" value="Contraceptive prevalence (% of women ages 15-49)"/>
<entry key="column_scale" type="xdouble" value="0.0472584853336943"/>
<entry key="column_translate" type="xdouble" value="-2.144649137549714"/>
<entry key="column_min" type="xdouble" value="NaN"/>
<entry key="column_max" type="xdouble" value="NaN"/>
</config>
<config key="Exports of goods and services (% of GDP)">
<entry key="column_name" type="xstring" value="Exports of goods and services (% of GDP)"/>
<entry key="column_scale" type="xdouble" value="0.03176657099839795"/>
<entry key="column_translate" type="xdouble" value="-1.4941350617889104"/>
<entry key="column_min" type="xdouble" value="NaN"/>
<entry key="column_max" type="xdouble" value="NaN"/>
</config>
<config key="External debt stocks, total (DOD, current US$)">
<entry key="column_name" type="xstring" value="External debt stocks, total (DOD, current US$)"/>
<entry key="column_scale" type="xdouble" value="1.5707243185150326E-11"/>
<entry key="column_translate" type="xdouble" value="-0.42532818564965874"/>
<entry key="column_min" type="xdouble" value="NaN"/>
<entry key="column_max" type="xdouble" value="NaN"/>
</config>
<config key="Fertility rate, total (births per woman)">
<entry key="column_name" type="xstring" value="Fertility rate, total (births per woman)"/>
<entry key="column_scale" type="xdouble" value="0.6761310288572251"/>
<entry key="column_translate" type="xdouble" value="-1.970848573707835"/>
<entry key="column_min" type="xdouble" value="NaN"/>
<entry key="column_max" type="xdouble" value="NaN"/>
</config>
<config key="Foreign direct investment, net inflows (BoP, current US$)">
<entry key="column_name" type="xstring" value="Foreign direct investment, net inflows (BoP, current US$)"/>
<entry key="column_scale" type="xdouble" value="2.8937491222189548E-11"/>
<entry key="column_translate" type="xdouble" value="-0.34975746406468045"/>
<entry key="column_min" type="xdouble" value="NaN"/>
<entry key="column_max" type="xdouble" value="NaN"/>
</config>
<config key="GDP (current US$)">
<entry key="column_name" type="xstring" value="GDP (current US$)"/>
<entry key="column_scale" type="xdouble" value="8.464231522692296E-13"/>
<entry key="column_translate" type="xdouble" value="-0.25503997518738475"/>
<entry key="column_min" type="xdouble" value="NaN"/>
<entry key="column_max" type="xdouble" value="NaN"/>
</config>
<config key="GDP growth (annual %)">
<entry key="column_name" type="xstring" value="GDP growth (annual %)"/>
<entry key="column_scale" type="xdouble" value="0.23633915441648498"/>
<entry key="column_translate" type="xdouble" value="-1.383562394312027"/>
<entry key="column_min" type="xdouble" value="NaN"/>
<entry key="column_max" type="xdouble" value="NaN"/>
</config>
<config key="GNI per capita, Atlas method (current US$)">
<entry key="column_name" type="xstring" value="GNI per capita, Atlas method (current US$)"/>
<entry key="column_scale" type="xdouble" value="6.1375341140485E-5"/>
<entry key="column_translate" type="xdouble" value="-0.6425331856562111"/>
<entry key="column_min" type="xdouble" value="NaN"/>
<entry key="column_max" type="xdouble" value="NaN"/>
</config>
<config key="GNI per capita, PPP (current international $)">
<entry key="column_name" type="xstring" value="GNI per capita, PPP (current international $)"/>
<entry key="column_scale" type="xdouble" value="7.450700049559416E-5"/>
<entry key="column_translate" type="xdouble" value="-0.8862672310396441"/>
<entry key="column_min" type="xdouble" value="NaN"/>
<entry key="column_max" type="xdouble" value="NaN"/>
</config>
<config key="GNI, Atlas method (current US$)">
<entry key="column_name" type="xstring" value="GNI, Atlas method (current US$)"/>
<entry key="column_scale" type="xdouble" value="8.347641652077672E-13"/>
<entry key="column_translate" type="xdouble" value="-0.24642696280368467"/>
<entry key="column_min" type="xdouble" value="NaN"/>
<entry key="column_max" type="xdouble" value="NaN"/>
</config>
<config key="GNI, PPP (current international $)">
<entry key="column_name" type="xstring" value="GNI, PPP (current international $)"/>
<entry key="column_scale" type="xdouble" value="7.727999194812543E-13"/>
<entry key="column_translate" type="xdouble" value="-0.28570105663199136"/>
<entry key="column_min" type="xdouble" value="NaN"/>
<entry key="column_max" type="xdouble" value="NaN"/>
</config>
<config key="Gross capital formation (% of GDP)">
<entry key="column_name" type="xstring" value="Gross capital formation (% of GDP)"/>
<entry key="column_scale" type="xdouble" value="0.13722053624856734"/>
<entry key="column_translate" type="xdouble" value="-3.4144003858514345"/>
<entry key="column_min" type="xdouble" value="NaN"/>
<entry key="column_max" type="xdouble" value="NaN"/>
</config>
<config key="High-technology exports (% of manufactured exports)">
<entry key="column_name" type="xstring" value="High-technology exports (% of manufactured exports)"/>
<entry key="column_scale" type="xdouble" value="0.08053678131154418"/>
<entry key="column_translate" type="xdouble" value="-0.8323632137978497"/>
<entry key="column_min" type="xdouble" value="NaN"/>
<entry key="column_max" type="xdouble" value="NaN"/>
</config>
<config key="Immunization, measles (% of children ages 12-23 months)">
<entry key="column_name" type="xstring" value="Immunization, measles (% of children ages 12-23 months)"/>
<entry key="column_scale" type="xdouble" value="0.07071502301404504"/>
<entry key="column_translate" type="xdouble" value="-6.126629227940243"/>
<entry key="column_min" type="xdouble" value="NaN"/>
<entry key="column_max" type="xdouble" value="NaN"/>
</config>
<config key="Imports of goods and services (% of GDP)">
<entry key="column_name" type="xstring" value="Imports of goods and services (% of GDP)"/>
<entry key="column_scale" type="xdouble" value="0.03467230190940802"/>
<entry key="column_translate" type="xdouble" value="-1.795210099454727"/>
<entry key="column_min" type="xdouble" value="NaN"/>
<entry key="column_max" type="xdouble" value="NaN"/>
</config>
<config key="Income share held by lowest 20%">
<entry key="column_name" type="xstring" value="Income share held by lowest 20%"/>
<entry key="column_scale" type="xdouble" value="0.5277976659992871"/>
<entry key="column_translate" type="xdouble" value="-2.6308423267174996"/>
<entry key="column_min" type="xdouble" value="NaN"/>
<entry key="column_max" type="xdouble" value="NaN"/>
</config>
<config key="Industry, value added (% of GDP)">
<entry key="column_name" type="xstring" value="Industry, value added (% of GDP)"/>
<entry key="column_scale" type="xdouble" value="0.07251986317510134"/>
<entry key="column_translate" type="xdouble" value="-2.2927982644304588"/>
<entry key="column_min" type="xdouble" value="NaN"/>
<entry key="column_max" type="xdouble" value="NaN"/>
</config>
<config key="Inflation, GDP deflator (annual %)">
<entry key="column_name" type="xstring" value="Inflation, GDP deflator (annual %)"/>
<entry key="column_scale" type="xdouble" value="0.18186983478001958"/>
<entry key="column_translate" type="xdouble" value="-1.2446639920466434"/>
<entry key="column_min" type="xdouble" value="NaN"/>
<entry key="column_max" type="xdouble" value="NaN"/>
</config>
<config key="Internet users (per 100 people)">
<entry key="column_name" type="xstring" value="Internet users (per 100 people)"/>
<entry key="column_scale" type="xdouble" value="0.04089492051044598"/>
<entry key="column_translate" type="xdouble" value="-1.0489805709877214"/>
<entry key="column_min" type="xdouble" value="NaN"/>
<entry key="column_max" type="xdouble" value="NaN"/>
</config>
<config key="Life expectancy at birth, total (years)">
<entry key="column_name" type="xstring" value="Life expectancy at birth, total (years)"/>
<entry key="column_scale" type="xdouble" value="0.09594751195630577"/>
<entry key="column_translate" type="xdouble" value="-6.55936434775099"/>
<entry key="column_min" type="xdouble" value="NaN"/>
<entry key="column_max" type="xdouble" value="NaN"/>
</config>
<config key="Malnutrition prevalence, weight for age (% of children under 5)">
<entry key="column_name" type="xstring" value="Malnutrition prevalence, weight for age (% of children under 5)"/>
<entry key="column_scale" type="xdouble" value="0.09782514789046355"/>
<entry key="column_translate" type="xdouble" value="-0.9953708797854667"/>
<entry key="column_min" type="xdouble" value="NaN"/>
<entry key="column_max" type="xdouble" value="NaN"/>
</config>
<config key="Market capitalization of listed companies (% of GDP)">
<entry key="column_name" type="xstring" value="Market capitalization of listed companies (% of GDP)"/>
<entry key="column_scale" type="xdouble" value="0.011988028240152406"/>
<entry key="column_translate" type="xdouble" value="-1.013800401267856"/>
<entry key="column_min" type="xdouble" value="NaN"/>
<entry key="column_max" type="xdouble" value="NaN"/>
</config>
<config key="Merchandise trade (% of GDP)">
<entry key="column_name" type="xstring" value="Merchandise trade (% of GDP)"/>
<entry key="column_scale" type="xdouble" value="0.023040697663887378"/>
<entry key="column_translate" type="xdouble" value="-1.7364614020244955"/>
<entry key="column_min" type="xdouble" value="NaN"/>
<entry key="column_max" type="xdouble" value="NaN"/>
</config>
<config key="Military expenditure (% of GDP)">
<entry key="column_name" type="xstring" value="Military expenditure (% of GDP)"/>
<entry key="column_scale" type="xdouble" value="0.6574683697033192"/>
<entry key="column_translate" type="xdouble" value="-1.3002552921575397"/>
<entry key="column_min" type="xdouble" value="NaN"/>
<entry key="column_max" type="xdouble" value="NaN"/>
</config>
<config key="Mobile cellular subscriptions (per 100 people)">
<entry key="column_name" type="xstring" value="Mobile cellular subscriptions (per 100 people)"/>
<entry key="column_scale" type="xdouble" value="0.02296084234655385"/>
<entry key="column_translate" type="xdouble" value="-1.5003157785368184"/>
<entry key="column_min" type="xdouble" value="NaN"/>
<entry key="column_max" type="xdouble" value="NaN"/>
</config>
<config key="Mortality rate, under-5 (per 1,000)">
<entry key="column_name" type="xstring" value="Mortality rate, under-5 (per 1,000)"/>
<entry key="column_scale" type="xdouble" value="0.01742554540430555"/>
<entry key="column_translate" type="xdouble" value="-0.893463217473772"/>
<entry key="column_min" type="xdouble" value="NaN"/>
<entry key="column_max" type="xdouble" value="NaN"/>
</config>
<config key="Net barter terms of trade (2000 = 100)">
<entry key="column_name" type="xstring" value="Net barter terms of trade (2000 = 100)"/>
<entry key="column_scale" type="xdouble" value="0.024714868300485814"/>
<entry key="column_translate" type="xdouble" value="-2.8828204978779257"/>
<entry key="column_min" type="xdouble" value="NaN"/>
<entry key="column_max" type="xdouble" value="NaN"/>
</config>
<config key="Official development assistance and official aid (current US$)">
<entry key="column_name" type="xstring" value="Official development assistance and official aid (current US$)"/>
<entry key="column_scale" type="xdouble" value="1.0246293816463844E-9"/>
<entry key="column_translate" type="xdouble" value="-0.5598685341523867"/>
<entry key="column_min" type="xdouble" value="NaN"/>
<entry key="column_max" type="xdouble" value="NaN"/>
</config>
<config key="Population growth (annual %)">
<entry key="column_name" type="xstring" value="Population growth (annual %)"/>
<entry key="column_scale" type="xdouble" value="0.7603571600900539"/>
<entry key="column_translate" type="xdouble" value="-1.0607223862970698"/>
<entry key="column_min" type="xdouble" value="NaN"/>
<entry key="column_max" type="xdouble" value="NaN"/>
</config>
<config key="Population, total">
<entry key="column_name" type="xstring" value="Population, total"/>
<entry key="column_scale" type="xdouble" value="8.005235637463568E-9"/>
<entry key="column_translate" type="xdouble" value="-0.253970556514535"/>
<entry key="column_min" type="xdouble" value="NaN"/>
<entry key="column_max" type="xdouble" value="NaN"/>
</config>
<config key="Prevalence of HIV, total (% of population ages 15-49)">
<entry key="column_name" type="xstring" value="Prevalence of HIV, total (% of population ages 15-49)"/>
<entry key="column_scale" type="xdouble" value="0.21962163129396994"/>
<entry key="column_translate" type="xdouble" value="-0.46112642513054036"/>
<entry key="column_min" type="xdouble" value="NaN"/>
<entry key="column_max" type="xdouble" value="NaN"/>
</config>
<config key="Primary completion rate, total (% of relevant age group)">
<entry key="column_name" type="xstring" value="Primary completion rate, total (% of relevant age group)"/>
<entry key="column_scale" type="xdouble" value="0.05029339848553161"/>
<entry key="column_translate" type="xdouble" value="-4.417813587399035"/>
<entry key="column_min" type="xdouble" value="NaN"/>
<entry key="column_max" type="xdouble" value="NaN"/>
</config>
<config key="Ratio of girls to boys in primary and secondary education (%)">
<entry key="column_name" type="xstring" value="Ratio of girls to boys in primary and secondary education (%)"/>
<entry key="column_scale" type="xdouble" value="0.11778501851163638"/>
<entry key="column_translate" type="xdouble" value="-11.421479099186545"/>
<entry key="column_min" type="xdouble" value="NaN"/>
<entry key="column_max" type="xdouble" value="NaN"/>
</config>
<config key="Renewable internal freshwater resources per capita (cubic meters)">
<entry key="column_name" type="xstring" value="Renewable internal freshwater resources per capita (cubic meters)"/>
<entry key="column_scale" type="xdouble" value="1.226729478066951E-6"/>
<entry key="column_translate" type="xdouble" value="-0.09950346460080049"/>
<entry key="column_min" type="xdouble" value="NaN"/>
<entry key="column_max" type="xdouble" value="NaN"/>
</config>
<config key="Revenue, excluding grants (% of GDP)">
<entry key="column_name" type="xstring" value="Revenue, excluding grants (% of GDP)"/>
<entry key="column_scale" type="xdouble" value="0.08768029503950828"/>
<entry key="column_translate" type="xdouble" value="-2.5890815905981714"/>
<entry key="column_min" type="xdouble" value="NaN"/>
<entry key="column_max" type="xdouble" value="NaN"/>
</config>
<config key="Roads, paved (% of total roads)">
<entry key="column_name" type="xstring" value="Roads, paved (% of total roads)"/>
<entry key="column_scale" type="xdouble" value="0.02510577489347344"/>
<entry key="column_translate" type="xdouble" value="-1.4447112023906636"/>
<entry key="column_min" type="xdouble" value="NaN"/>
<entry key="column_max" type="xdouble" value="NaN"/>
</config>
<config key="Services, etc., value added (% of GDP)">
<entry key="column_name" type="xstring" value="Services, etc., value added (% of GDP)"/>
<entry key="column_scale" type="xdouble" value="0.06468428959553012"/>
<entry key="column_translate" type="xdouble" value="-3.5205406519253017"/>
<entry key="column_min" type="xdouble" value="NaN"/>
<entry key="column_max" type="xdouble" value="NaN"/>
</config>
<config key="Surface area (sq. km)">
<entry key="column_name" type="xstring" value="Surface area (sq. km)"/>
<entry key="column_scale" type="xdouble" value="5.373169433746123E-7"/>
<entry key="column_translate" type="xdouble" value="-0.34592191286551055"/>
<entry key="column_min" type="xdouble" value="NaN"/>
<entry key="column_max" type="xdouble" value="NaN"/>
</config>
<config key="Time required to start a business (days)">
<entry key="column_name" type="xstring" value="Time required to start a business (days)"/>
<entry key="column_scale" type="xdouble" value="0.016547614410754575"/>
<entry key="column_translate" type="xdouble" value="-0.7070427912950746"/>
<entry key="column_min" type="xdouble" value="NaN"/>
<entry key="column_max" type="xdouble" value="NaN"/>
</config>
<config key="Total debt service (% of exports of goods, services and income)">
<entry key="column_name" type="xstring" value="Total debt service (% of exports of goods, services and income)"/>
<entry key="column_scale" type="xdouble" value="0.06030292178224499"/>
<entry key="column_translate" type="xdouble" value="-0.7603904047175413"/>
<entry key="column_min" type="xdouble" value="NaN"/>
<entry key="column_max" type="xdouble" value="NaN"/>
</config>
<config key="Workers' remittances and compensation of employees, received (current US$)">
<entry key="column_name" type="xstring" value="Workers' remittances and compensation of employees, received (current US$)"/>
<entry key="column_scale" type="xdouble" value="1.9819228806833116E-10"/>
<entry key="column_translate" type="xdouble" value="-0.45911706745077796"/>
<entry key="column_min" type="xdouble" value="NaN"/>
<entry key="column_max" type="xdouble" value="NaN"/>
</config>
</config>
<entry key="summary" type="xstring" value="Z-Score (Gaussian) normalization on 46 column(s)"/>
</config>
</config>
