"Year","Country Name","Country Code","Adolescent fertility rate (births per 1,000 women ages 15-19)","Agriculture, value added (% of GDP)","Exports of goods and services (% of GDP)","Fertility rate, total (births per woman)","Foreign direct investment, net inflows (BoP, current US$)","GDP (current US$)","GDP growth (annual %)","GNI per capita, Atlas method (current US$)","GNI per capita, PPP (current international $)","GNI, Atlas method (current US$)","GNI, PPP (current international $)","Immunization, measles (% of children ages 12-23 months)","Imports of goods and services (% of GDP)","Industry, value added (% of GDP)","Inflation, GDP deflator (annual %)","Internet users (per 100 people)","Life expectancy at birth, total (years)","Merchandise trade (% of GDP)","Military expenditure (% of GDP)","Mobile cellular subscriptions (per 100 people)","Mortality rate, under-5 (per 1,000)","Population growth (annual %)","Population, total","Prevalence of HIV, total (% of population ages 15-49)","Renewable internal freshwater resources per capita (cubic meters)","Services, etc., value added (% of GDP)","Surface area (sq. km)","Time required to start a business (days)","Workers' remittances and compensation of employees, received (current US$)"
2007,"Algeria","DZA",7.339,8.17792509967543,47.1298698257936,2.383,1.6646E9,1.34304104724814E11,2.99999999999999,3610.0,7650.0,1.22195605953918E11,2.58946303102235E11,92.0,23.5531153063549,61.0919805828934,6.79210012490942,10.338916903211,72.250243902439,65.3696774047883,2.93798757817369,81.4196204875636,37.0,1.49261743944306,3.38526756019577E7,0.1,332.233709744041,30.7300987725309,2381740.0,24.0,2.12E9
2007,"Argentina","ARG",56.9,9.39487471301088,24.6265468941767,2.254,6.46221E9,2.62450806576364E11,8.65333684642083,6040.0,12970.0,2.3873326402811E11,5.12408064974433E11,99.0,20.3371259842742,33.7362018117639,14.1649276632303,25.9380936032738,75.2185365853659,38.2874037656128,0.749825379800461,102.27399274579,16.3,0.938917246582669,3.95034660477389E7,0.5,6986.72870037432,56.8689234752252,2780400.0,31.0,6.0661E8
2007,"Austria","AUT",12.779,1.94127332713244,58.8590648085428,1.38,3.07168498614728E10,3.73192406657177E11,3.35482478713357,41970.0,36750.0,3.48968487465682E11,3.05585475953451E11,79.0,51.5702721208438,31.1858293967154,2.29604922005144,67.3651515430296,80.0317073170732,87.6359346937184,0.941066706079489,119.200132476661,4.4,0.397678512654407,8315427.0,0.2,6614.2123549398,66.8728972761521,83870.0,28.0,2.96477E9
2007,"Azerbaijan","AZE",33.849,5.90592094460309,68.129739214943,2.0,-4.74888E9,3.3049963583394E10,25.049,2710.0,6630.0,2.32411034338042E10,5.68712185605215E10,97.0,28.5131963193294,68.5135448850671,20.9840366340144,10.7979241789015,67.380243902439,82.6455857691901,2.86308663305243,52.6611475981611,39.3,1.13361074769076,8581279.0,0.2,945.663228057263,25.5805341703298,86600.0,36.0,1.2873E9
2007,"Belarus","BLR",21.262,9.23227980464616,61.0446321886517,1.287,1.7852E9,4.5275711995825E10,8.60000078498793,4240.0,10790.0,4.11799796062348E10,1.04654652636861E11,99.0,67.0933965108943,41.7343425886207,12.8727082724944,28.9605236033807,70.2034146341464,116.990637286686,1.64976591437478,71.7377860235003,13.4,-0.313875067944899,9702000.0,0.2,3834.26097711812,49.0333776067331,207600.0,48.0,3.542E8
2007,"Belgium","BEL",7.722,0.872525635537072,89.4102176541717,1.81,7.21947729373998E10,4.52753750136866E11,2.79911428026702,41120.0,35320.0,4.36888983805468E11,3.75270057161876E11,92.0,86.5120918984281,24.0736210493412,1.63306902809779,65.9384322915196,80.2207317073171,186.824310074583,1.14056831922612,101.058010295792,4.6,0.734330830765897,1.06257E7,0.2,1129.33736130326,75.0538533151217,30530.0,4.0,8.55668E9
2007,"Bolivia","BOL",78.2,12.877394394968,41.7956567499272,3.5,2.0422E8,1.31200996588109E10,-2.73875693324044E-6,1220.0,3960.0,1.16248673353398E10,3.76983546746413E10,81.0,34.2662546827355,36.3892842805827,12.2742894282174,10.5069197042762,65.5129268292683,60.329267351902,1.74547545888774,34.1938245547936,57.4,1.73485308045373,9517537.28157844,0.2,31891.7584475865,50.7333213244494,1098580.0,50.0,9.26512E8
2007,"Botswana","BWA",52.128,1.81598153226791,47.0402280527215,2.896,-2.856E7,1.23238066006931E10,4.2450357432197,6100.0,12760.0,1.14843943156807E10,2.4007473227571E10,90.0,36.6134773630586,49.2891146337194,12.970568873305,5.31510175273334,50.5875609756098,74.8083697246716,2.57093582929912,61.217269098299,39.7,1.24445716525646,1881431.5257196,23.9,1275.624420656,48.8949038340127,581730.0,108.0,1.41159E8
2007,"Brazil","BRA",75.6,5.98222907022607,13.681763743686,1.9,3.45849E10,1.33327054355079E12,5.66950647970702,6060.0,9510.0,1.15126464901383E12,1.80789147717127E12,99.0,12.1405014068696,28.0510308209644,3.73212871576567,35.5093676496257,72.2807317073171,21.5422894767538,1.49098537078877,63.6335510107709,21.7,1.03710622164022,1.90119995E8,0.6,28497.7916183934,65.9667401088095,8514880.0,152.0,4.38244E9
2007,"Cambodia","KHM",39.217,31.8841789699457,65.3313199493381,3.175,8.6729E8,8.3569089796267E9,10.2046015509322,550.0,1720.0,7.99329997527734E9,2.49166897156764E10,79.0,72.9481546835714,26.7730459134589,6.51822133544999,0.484561306582459,59.5292682926829,113.829168454398,1.10732773803445,17.8825135056855,90.9,1.74181947866129,1.44460564739888E7,0.8,8346.22239066386,41.3427751165954,181040.0,86.0,3.5257E8
2007,"Cameroon","CMR",127.502,19.4597785118864,22.0542557482856,4.314,4.331E8,2.06915589105313E10,3.49999745272467,1050.0,2120.0,1.948933074538E10,3.92821751889199E10,74.0,21.2404195240016,30.6354350032793,2.05780627745253,2.95476151815712,50.3946341463415,35.204742337188,1.43402581686164,24.4755263812284,148.2,1.95117603269832,1.85327985570063E7,5.1,14730.6408775912,49.9047864848343,475440.0,37.0,1.67441E8
2007,"Chile","CHL",59.6,4.24461105312591,47.0797390790868,1.944,1.445731E10,1.63877525982353E11,4.68035824632062,8160.0,12280.0,1.35367925700772E11,2.03863555766376E11,91.0,33.3142770346171,47.0595310771884,5.09094734763733,31.1106089188855,78.4363414634146,70.0331539129769,3.43256546450687,84.0948561224111,9.02,0.980545681392897,1.65945964396281E7,0.3,53270.3523834419,48.6958578696857,756630.0,27.0,2500000.0
2007,"China","CHN",9.736,11.1256636068,42.5333232913,1.725,1.3841319E11,3.38226749917844E12,13.0,2410.0,5430.0,3.17986625070516E12,7.15445856716422E12,94.0,32.7896485904,48.5021725106,7.44651951235285,16.1252534281657,72.9980487804878,64.2937023913,1.9587572773,41.5157359413616,21.9,0.55449438988657,1.31830972422851E9,0.1,2133.33782518053,40.3721638827,9598088.0,35.0,3.2833E10
2007,"Colombia","COL",74.3,8.91632384521088,16.8741345646539,2.45,9.03977E9,2.07785561582406E11,7.54589011945627,4100.0,8260.0,1.80411933833555E11,3.63372288239593E11,95.0,21.04279863845,35.4690101865985,4.75224249806867,27.5081274012776,72.8348780487805,30.2660370244537,3.29706196210367,77.1617068679383,20.3,1.25364806146305,4.3987E7,0.6,48014.1860095028,55.6146659681906,1141750.0,42.0,4.523034E9
2007,"Congo, Rep.","COG",112.808,5.04621562979479,73.0105883637158,4.41,4.28947E9,7.64584250532584E9,-1.59,1510.0,2700.0,5.36995637402119E9,9.59639373291188E9,67.0,42.9116380630787,59.8417720009596,-7.89082954875258,2.75970437370903,53.5312195121951,112.283346524859,1.38764872830477,36.2600092084013,125.4,1.84829348741928,3551105.0,3.5,62515.7521391229,35.1120123692456,342000.0,37.0,1.4814E7
2007,"Cote d'Ivoire","CIV",129.929,23.8536523461133,46.5847674756383,4.645,4.269E8,1.97957213828617E10,1.7142291903655,880.0,1550.0,1.77709107660649E10,3.1105846887311E10,67.0,40.9457307538096,25.2860730760134,2.71288096723094,2.23626975098292,57.2782926829268,73.9351687010063,1.59157858877783,37.1106877990514,126.5,2.25852731262221,2.0122796E7,3.9,3818.55483701172,50.8602745778733,322460.0,40.0,1.7944E8
2007,"Croatia","HRV",14.126,6.06411839824527,42.7884873974192,1.4,4.91575E9,5.85582312537493E10,5.47141455062213,12000.0,17840.0,5.32398433062375E10,7.91296652415781E10,96.0,50.3506828886164,28.216569530131,4.04480363217266,44.744320423302,75.6658536585366,65.2395524626676,1.6335529341276,113.494193619361,5.8,-0.0905364673893594,4435982.0,0.1,8498.68191530083,65.7193120716238,56540.0,22.0,1.393883E9
2007,"Denmark","DNK",6.008,1.33754572478485,52.1393813839803,1.85,1.18576831408891E10,3.11579353416605E11,1.79956902575225,55450.0,36800.0,3.02815788191373E11,2.00956886758256E11,89.0,50.9917240387257,25.693916270362,1.50669097622456,80.7132663595192,78.2763414634146,64.6534479550865,1.34008317229068,115.538013980933,4.4,0.443466054321374,5461438.0,0.2,1098.61175756275,72.9685380048532,43090.0,6.0,1.02774E9
2007,"Dominican Republic","DOM",108.7,6.57133358681071,29.110533764479,2.4,1.698E9,4.13165437557733E10,8.47462477828749,4070.0,7340.0,3.95645506832476E10,7.13570607135494E10,96.0,39.8749738218514,31.5574236377804,5.70085725461085,17.2430528555597,72.299756097561,50.2394394911107,0.557758580183715,56.6841797167226,37.6,1.14683378188183,9725568.981593,1.1,2158.74259282268,61.8712427754089,48730.0,22.0,3.4139E9
2007,"Ecuador","ECU",82.8,6.90642355610095,32.6889565162214,2.578,1.8269E8,4.5789374E10,2.49093630715778,3150.0,7100.0,4.2057624680253E10,9.47705458759379E10,99.0,33.4370192934096,35.6422705286803,6.9757070448331,8.63524907273148,74.9980487804878,61.6179236038475,2.86092576849817,74.5149145609296,22.2,1.03676374367864,1.33395804834108E7,0.3,32384.8265346304,57.4513059152188,283560.0,65.0,3.093759E9
2007,"El Salvador","SLV",82.7,12.1300830317224,26.130914800521,2.349,1.52561E9,2.03726E10,4.65002279981761,3200.0,6330.0,1.95522920421313E10,3.86460651442794E10,98.0,50.0713243599737,28.7577176921439,4.36249932394168,12.4943484770404,71.1590243902439,62.3189970843191,0.598843544761101,100.501411468371,23.8,0.411176261484168,6106761.0,0.8,2906.61448843339,59.1121992761337,21040.0,26.0,3.7113E9
2007,"Estonia","EST",21.405,2.77369381339572,74.3861039832352,1.64,2.68659970177161E9,2.09586754385965E10,6.33292120559715,12840.0,18830.0,1.72333549178005E10,2.52657301856895E10,96.0,85.2726480555513,30.378003398757,9.58890350494548,63.6976846800112,72.909756097561,127.368427543089,2.20107320629694,147.714866226619,5.6,-0.139653436441175,1341672.0,1.3,9474.74494511326,66.8483027878473,45230.0,7.0,4.26E8
2007,"Ethiopia","ETH",104.397,46.2921265326549,12.8278993707442,5.381,2.2259E8,1.93947283523382E10,11.10239099635,220.0,780.0,1.75676857870844E10,6.16519918958202E10,65.0,32.2491074962662,13.3843105785143,16.8371211382719,0.370011858689343,54.98,36.2634622781509,1.90321287842665,1.53662746117647,118.6,2.59998064963343,7.8646128E7,2.1,1551.25246598281,40.3235628888308,1104300.0,16.0,3.5782E8
2007,"Finland","FIN",11.388,3.1889725917615,44.8134079962407,1.83,1.15684451188547E10,2.44660845286324E11,4.39964094957379,44310.0,34760.0,2.34325170681095E11,1.83862224359337E11,98.0,40.145670987195,32.2551690976118,2.5051841532599,78.8233636872438,79.259512195122,70.2397780727384,1.23238550226842,114.961654237698,3.5,0.425429832100609,5288720.0,0.1,20231.7384924897,64.5558583106267,338150.0,14.0,7.7193E8
2007,"France","FRA",6.885,2.20206944380121,26.5242042308025,1.96,1.5946274661588E11,2.58984109821526E12,2.17284161492333,38790.0,33850.0,2.46675766128967E12,2.0888215003284E12,87.0,28.4479544497888,20.5696825922649,2.46414382302052,51.1626933133369,80.9658536585366,45.2669850496965,2.33971192366302,89.7111112321129,4.3,0.576144979932688,6.1707072E7,0.4,2892.69923551064,77.2282479639339,551500.0,7.0,1.374541E10
2007,"Gabon","GAB",89.914,4.84751438675849,64.7230987219223,3.35,2.69324270257148E8,1.15675938464363E10,5.55335388659583,6450.0,12320.0,9.17517742831642E9,1.75144215730948E10,55.0,35.9071117636318,60.2441800791892,5.22463923812566,5.76700457562583,60.3017073170732,72.6166574614635,1.06422009081585,82.2149798647145,91.0,1.86476009449167,1421882.0,5.9,115340.091512517,34.9083055340524,267670.0,58.0,1.103E7
2007,"Gambia, The","GMB",88.132,28.7084689730838,33.3,5.098,6.845E7,6.43509547738693E8,6.30500000000001,330.0,1200.0,5.40908797306261E8,1.93914030194672E9,85.0,49.8,14.7933112322397,5.68504439454046,6.20503741852418,55.750243902439,51.8192777670188,0.705927920386324,49.5429307153778,108.6,2.80128146539877,1615510.0,0.9,1856.99871867088,56.4982197946765,11300.0,32.0,4.7334E7
2007,"Georgia","GEO",44.651,10.9247656860268,31.5153486474983,1.407,1.72827E9,1.01754661290398E10,12.4298079289328,2090.0,4680.0,9.17752876989744E9,2.05855972438643E10,97.0,57.7416560370701,24.0753707276142,9.64044508064042,8.18444547805231,70.8258536585366,63.4565524381469,9.15368157907639,59.1033819209147,30.2,-0.778879123108261,4398587.55202644,0.1,13215.6059899772,64.9998635863589,69700.0,11.0,6.9549E8
2007,"Germany","DEU",7.732,0.91762127518509,46.7043485436092,1.39,5.15432992141293E10,3.31736559728457E12,2.48488513250418,38990.0,34740.0,3.20750124892296E12,2.85767990993272E12,94.0,39.6971697334764,30.09180816973,1.84444403665063,72.2897820847449,79.6853658536586,71.6845495008612,1.28269659212806,118.090361279489,4.4,-0.13130570814061,8.2268357E7,0.1,1300.62157434358,68.9905705550849,357050.0,18.0,9.83944E9
2007,"Ghana","GHA",64.036,33.9603791888141,33.7381462308858,4.308,9.7038E8,1.49893617021277E10,6.0999994750558,600.0,1350.0,1.37632757610075E10,3.09612654852251E10,95.0,60.1771902702756,26.0670085806703,13.841135485483,3.84767307161403,56.4931707317073,81.8420440028389,0.837473385379702,33.2476249582112,115.2,2.11047419719965,2.2870966E7,1.9,1324.82379624892,39.9726122305156,238540.0,42.0,1.17364E8
2007,"Greece","GRC",8.889,3.58537099171715,22.1818250114545,1.38,1.95871455632603E9,3.13353635169167E11,4.00276621554529,25740.0,27830.0,2.88090719287698E11,3.11522287531605E11,88.0,35.3850010941316,23.0726423178762,2.87526690584036,32.8630637111303,79.690243902439,31.8688557661342,3.27409590008591,109.841061214294,4.1,0.401990960561374,1.1193366E7,0.2,5181.64062534898,73.3419866904067,131960.0,38.0,2.483721E9
2007,"Honduras","HND",93.1,13.384140866132,51.4897704204842,3.308,8.1592E8,1.22342166140834E10,6.30038778578619,1590.0,3610.0,1.1310437154895E10,2.56463473833703E10,89.0,78.4044344054145,28.0641907727885,7.00228229266466,5.97090093075112,70.2070731707317,115.663270043058,0.686375575755744,58.9099142437735,23.9,1.92009955935395,7103785.59147592,0.7,13503.9267112888,58.5516683610795,112090.0,21.0,2.624692E9
2007,"Hungary","HUN",20.172,3.96164141486912,80.3638703494057,1.32,3.72309511476652E10,1.38757191934686E11,1.2,11670.0,17470.0,1.17317882887795E11,1.75644405076483E11,99.0,78.7728402605948,29.7282791529192,5.89692031658689,51.864857823063,73.0885365853659,137.857240841282,1.28026929985217,109.687463329548,6.8,-0.154915158060948,1.005578E7,0.1,596.671764895413,66.3100794322117,93030.0,16.0,2.53044E9
2007,"India","IND",68.141,18.111931517844,21.159355548969,2.68,2.295E10,1.176890254664E12,9.06039655400642,950.0,2740.0,1.07110839774933E12,3.08256971675498E12,67.0,24.7234195706483,29.5053197349066,4.88767741428384,7.20136347673374,64.7458536585366,30.9113784023867,2.46856078248719,20.7701547584511,71.8,1.34038183992227,1.12478699709709E9,0.3,1120.69218727925,52.3827487472494,3287260.0,33.0,3.8666E10
2007,"Indonesia","IDN",39.829,13.7135610183562,29.4474329437964,2.182,6.92823E9,4.31933347453043E11,6.27813457517557,1650.0,3560.0,3.71701369059057E11,8.02792344871838E11,80.0,25.4036379262523,46.8333800333394,11.2843103829193,11.0800836520937,70.6114634146342,48.8020751912229,1.22190612291013,41.3893776963215,31.2,1.15383358216234,2.25630065484893E8,0.2,12578.1109618568,39.4530589483044,1904570.0,105.0,6.17402E9
2007,"Iran, Islamic Rep.","IRN",18.337,10.2166925830777,32.1789541754948,2.04,7.54497E8,2.86057933325518E11,7.82478831862593,3540.0,10840.0,2.51486382371896E11,7.697235589583E11,97.0,21.5382245121594,44.4749355457142,20.4623349579848,18.3044351448631,70.9504878048781,46.7300446612278,2.87323985762489,41.9171564817364,32.8,1.30831363823314,7.10210388745501E7,0.2,1809.32301239608,45.3083718712081,1745150.0,28.0,1.115E9
2007,"Italy","ITA",4.895,2.03564806047148,29.1943670124212,1.34,4.00401057355438E10,2.10163746852075E12,1.45670507178623,33490.0,30190.0,1.98837517975656E12,1.79259776921353E12,87.0,29.5007737992436,27.0299294360379,2.26436451256535,53.8950082460205,81.3129268292683,47.4383215365746,1.79558935733635,151.244551109403,3.7,0.732281692314131,5.9374701E7,0.4,3073.69968903086,70.9344225034906,301340.0,13.0,3.164977E9
2007,"Kazakhstan","KAZ",30.677,6.096588919775,49.4349504746924,2.36,1.018863E10,1.04853480212158E11,8.89999999999999,4970.0,9510.0,7.69389288837394E10,1.47211882645852E11,99.0,42.601353764893,40.639209254423,15.5270972952559,12.2746670799912,66.4132313498747,76.7842896936714,1.29963172950477,79.5822580436832,31.6,1.14380491168841,1.54842E7,0.1,4870.7714961057,53.264201825802,2724900.0,21.0,2.23E8
2007,"Korea, Rep.","KOR",5.472,2.88172367515564,41.9229487196581,1.26,1.5788E9,1.04923595118697E12,5.10582397211579,21210.0,26880.0,1.02755893534777E12,1.30261908010602E12,92.0,40.4124047576802,37.1231003838671,2.08035323642119,75.9344560013208,78.9692682926829,69.4157495438522,2.43483933034739,89.767087667162,4.84,0.328672275037912,4.8456E7,0.1,1338.32755489516,59.9951759409773,99260.0,17.0,1.1277E9
2007,"Kyrgyz Republic","KGZ",32.281,33.5702536670086,44.684986125164,2.7,2.0792E8,3.74462486602358E9,8.21132846104705,610.0,1980.0,3.19963879165333E9,1.03519708640504E10,99.0,89.8858957533986,18.9323518771922,13.4839854934768,14.3271949262627,67.6951219512195,94.8559636034216,3.10269668420759,41.4214296630244,38.4,0.819039958226238,5234800.0,0.1,8873.3093909987,47.4973944557993,199900.0,21.0,7.14779E8
2007,"Lao PDR","LAO",37.416,39.8959542422127,35.7309883525849,3.543,3.235E8,4.2999090448861E9,7.85899999999999,610.0,1920.0,3.73043660988351E9,1.16758952120272E10,40.0,50.9685199645438,30.7486308114827,5.37809502962139,1.64140759236365,64.7507317073171,46.2693507986214,0.340469642950788,24.2667175721875,70.2,1.8033439438902,6092332.0,0.2,31255.6833737886,29.3554149463046,236800.0,100.0,1000000.0
2007,"Latvia","LVA",15.206,3.27628719948629,41.9292417404719,1.42,2.2472E9,2.87658622031919E10,9.97759744100901,10090.0,16770.0,2.29710752870884E10,3.81661851085451E10,97.0,61.0606296389015,22.0486153459716,20.2951181197157,55.0228021615922,71.2170731707317,82.2932931847712,1.69825235624057,97.4038047537454,8.6,-0.5191893956554,2276100.0,0.8,7354.68564650059,74.6750974545421,64590.0,16.0,5.519E8
2007,"Lebanon","LBN",16.199,6.41244580748208,24.9308196475987,2.209,2.84456E9,2.47313176833181E10,7.50000000000001,6190.0,10910.0,2.53652086524847E10,4.47037368311755E10,53.0,49.0982568585858,23.9920255022705,3.92906391282844,38.3200134665744,71.9673170731707,63.9876944796774,5.12841676169519,30.7536413808176,29.4,1.02485866625349,4097075.80444739,0.1,1171.56729069782,69.5955286902474,10400.0,46.0,5.7692E9
2007,"Lesotho","LSO",73.464,7.39212791150323,52.7175454694586,3.373,1.3034E8,1.66956419545999E9,5.06424659600613,1040.0,1880.0,2.0765581424795E9,3.77011714751428E9,85.0,102.608639471754,36.0560787539561,9.16086610990079,3.4898346080435,42.5573170731707,151.835910646226,2.38584989065917,22.7337797323977,83.5,0.546789579432477,2005825.71559871,23.2,2607.40500000964,56.5517933345406,30350.0,73.0,4.43283E8
2007,"Liberia","LBR",141.572,53.9719439150558,33.2698066975225,5.145,1.3164E8,7.34933279196919E8,9.40000420971776,150.0,280.0,5.30632081110549E8,1.02402713325187E9,95.0,83.7734821671658,18.5697250204193,15.9617188557888,0.551376580555429,58.0365853658537,95.4780549285734,0.490773240999863,15.5212507426353,132.8,4.40359356590871,3627285.0,1.7,55137.6580555429,27.4583310645249,111370.0,68.0,6.4557E7
2007,"Lithuania","LTU",21.891,4.4060315456,54.3840503287694,1.35,2.01703665555058E9,3.88937679579907E10,8.92464324971196,9910.0,17090.0,3.34368563488237E10,5.76898169690808E10,97.0,67.7992473917017,32.7996860229,8.82322299306664,49.2078487553983,70.8846341463415,107.024582434287,1.54475247787061,145.516376556826,8.2,-0.545490813022069,3375618.0,0.1,4609.52631488513,62.7942824315,65300.0,26.0,1.43264E9
2007,"Luxembourg","LUX",12.284,0.390540114529867,172.500083016947,1.61,1.88118995247916E11,4.94596518121099E10,4.45642593854707,79060.0,65050.0,3.79481314268172E10,3.12212892331277E10,96.0,141.942928616495,14.3847921965433,2.19143056769202,75.8165223242839,79.1756097560976,101.047070043795,0.741618055632423,142.606246341092,2.8,1.54438684650549,479993.0,0.2,2083.36371572085,85.2246676889268,2590.0,26.0,1.56515E9
2007,"Macedonia, FYR","MKD",21.686,11.9589361217222,53.1623927281943,1.426,3.19688469803584E8,7.92666429423792E9,5.86108612759266,3410.0,9050.0,6.94542868647287E9,1.84418919140047E10,96.0,72.2427826222427,29.530139702906,7.65147274928279,27.29643355927,74.1319512195122,108.29271533853,2.05237102194361,95.5663093512982,16.6,0.0321933529889004,2037031.68325141,0.1,2650.91605810509,58.5109241753719,25710.0,15.0,3.4501E8
2007,"Madagascar","MDG",132.773,26.1710302428392,30.3970321085135,4.776,9.96883571512428E8,7.34708031962637E9,6.24061271984328,340.0,980.0,6.3565998714501E9,1.82096261780697E10,81.0,46.7989668293203,17.4497987933801,9.68218751578075,0.650385003734339,60.1107317073171,52.7134038218457,1.11853792856799,11.9198478421596,111.8,2.71838402369752,1.8604365E7,0.1,18114.0286164027,56.3791709637807,587040.0,7.0,1.1E7
2007,"Malawi","MWI",135.239,34.3077322975346,23.5547722980126,5.593,5.46373333333333E7,3.58585797239587E9,8.60000000000018,250.0,760.0,3.5474496152716E9,1.05913698667131E10,83.0,44.5264419020461,20.3718621667375,7.39343682504688,1.0019064648104,48.2607317073171,58.2244198200918,1.1602675609275,7.54919057231826,110.5,2.54170863102361,1.39200618918446E7,11.9,1159.47760328968,45.3204055357279,118480.0,37.0,1000000.0
2007,"Malaysia","MYS",12.797,10.2359689903157,110.17229301557,2.597,8.45555E9,1.86718646485979E11,6.34711863836091,6420.0,13230.0,1.70489269935242E11,3.5121232906638E11,90.0,89.9116635429125,47.7164944598856,5.19744436840864,55.7173962284918,74.2875609756098,173.091190988399,2.12646292672591,87.9375671612753,11.2,1.6550315633522,2.65495177472697E7,0.5,21845.9711969588,42.0475365497987,329740.0,24.0,1.803E9
2007,"Mauritius","MUS",39.321,5.26665025095362,61.8064307377694,1.66,3.38907846560965E8,6.78649355472679E9,4.67546902123131,5610.0,11410.0,7.06742420444792E9,1.43806913122761E10,98.0,71.064664851409,27.8114542395718,7.00898576480908,26.9693152649497,72.4321951219512,90.371320160296,0.168737886215939,73.6597043528475,15.1,0.61304757936328,1260692.0,1.7,2182.13489099637,66.9218955094746,2040.0,7.0,2.15E8
2007,"Mexico","MEX",64.8,3.73321911127928,28.3098647040851,2.1339003638,2.46864E10,1.02281528405641E12,3.20292407558784,9400.0,13910.0,9.8952147635845E11,1.46441682463667E12,96.0,29.9282285977208,35.9398110355441,4.72610132625546,20.9954291278949,74.9064048858537,55.4374014388241,0.412881925006731,63.2210658695416,34.72,1.01112562776032,1.05280515417673E8,0.3,3884.85940040661,60.3269698531766,1964380.0,27.0,2.71364E10
2007,"Moldova","MDA",33.81,11.9706748675236,45.5877764768128,1.5,4.9342E8,4.40249592129332E9,2.98786914937443,1130.0,2900.0,4.13763975213924E9,1.06231285092469E10,96.0,97.7400110511836,14.817043275825,15.9204866456481,19.086732566792,68.3475609756098,114.298799816304,0.516567875867841,51.3386752553328,18.2,-1.12195378962179,3667469.0,0.4,272.667608097028,73.2122818566514,33840.0,23.0,1.4982E9
2007,"Mongolia","MNG",16.572,22.9606955213814,64.285662594254,1.869,3.277E8,3.92978773100314E9,10.2228440152322,1290.0,3170.0,3.36097333029453E9,8.2712764937418E9,98.0,65.7320872143033,41.4541854406404,12.3284110366222,12.2680012463133,66.8014634146341,101.946982235026,1.43927390723825,35.1213706930001,43.3,0.914943476556064,2608411.86412632,0.1,13341.4513553657,35.5851190379782,1566500.0,13.0,1.94E8
2007,"Morocco","MAR",18.865,13.730898002342,35.7997507202948,2.376,2.80664E9,7.51187744140625E10,2.71504454312014,2290.0,4050.0,7.06519363302951E10,1.25129613358019E11,95.0,44.9283605228049,27.3144593348959,3.76949940905536,21.3864965614406,71.1453658536585,62.530713121175,3.20618551675163,64.9025084209186,34.4,1.18664411378391,3.08605945861168E7,0.1,939.709697396633,58.9546426627621,446550.0,12.0,6.730472E9
2007,"Mozambique","MOZ",149.197,27.5550565975145,37.5774725766791,5.113,4.2736E8,8.01051755247056E9,7.02190493553468,340.0,730.0,7.26603007055913E9,1.55527748452317E10,77.0,44.3204894068942,25.7199214207607,7.40000000000001,0.935794992155297,42.0714634146341,74.9015274069216,0.855945364354933,15.4406173705624,168.472796153715,1.89291842841594,2.13722024243115E7,12.5,4693.01188565881,46.7250219817249,799380.0,29.0,9.9386E7
2007,"Namibia","NAM",74.414,10.2880078867685,47.869241908977,3.6,1.69928495067446E8,8.71730496453901E9,4.05878087275519,4100.0,6070.0,8.53575943551591E9,1.262642586365E10,69.0,49.7469775615471,35.9604957397366,9.33574345196824,4.85557481177929,52.7773170731707,73.8946266329303,2.61320923572579,38.4729787586397,67.6,1.62500415351946,2080083.28396014,15.3,2961.419885204,53.7514963734948,824290.0,99.0,1.6157E7
2007,"Nepal","NPL",101.386,33.5431300927227,13.043376756782,2.9588888889,5740000.0,1.02825758004557E10,3.34758776192513,350.0,1060.0,9.83665184380006E9,2.98371272459817E10,81.0,31.2982539983356,17.0847813549045,7.72659661675044,1.41426200816999,63.7124390243903,36.8783374281758,1.5899958526624,11.6299359953633,54.7,1.67264560962548,2.81075923487737E7,0.5,7051.47554228874,49.3720885523728,147180.0,31.0,1.733859E9
2007,"Netherlands","NLD",3.787,2.12314908951813,75.3019013934735,1.71,1.23608690684379E11,7.65817639329903E11,3.48256421695336,45650.0,39470.0,7.47879713962902E11,6.46527041865457E11,96.0,67.3129748345507,24.1611386811351,1.19450881229064,84.1932644846325,80.2324390243902,136.453208317893,1.49891785529822,117.726870851517,5.2,0.214109197877042,1.6381137E7,0.2,671.504059821977,73.7157122293468,41530.0,10.0,2.547824E9
2007,"Nigeria","NGA",126.583,32.5899103789672,40.1495934210973,5.322,6.08673E9,1.65920866365374E11,6.4498281067652,970.0,1850.0,1.43292510503958E11,2.74276959762703E11,62.0,29.6478856898442,39.3256343970094,4.80824995426966,6.75753564708175,46.8331707317073,57.5876935150456,5.84454309953589E-4,27.2974788075683,188.8,2.22964883178329,1.47982941152793E8,3.1,1493.41537800507,28.0844552240234,923770.0,34.0,9.221E9
2007,"Norway","NOR",8.561,1.43724132057656,45.7983877945692,1.9,3.78803655974764E9,3.88412405957316E11,3.65661514836464,77370.0,53650.0,3.64349962862676E11,2.52638312025289E11,92.0,30.1445433131423,43.0382153589291,1.60582572383676,84.8004301410466,80.3960975609756,55.7795527838544,1.51263397894461,110.244156433227,3.6,1.03473451527825,4709153.0,0.1,81118.6215440441,55.5245433204944,323800.0,7.0,6.12722E8
2007,"Pakistan","PAK",45.691,20.5633884007473,14.1120561627794,3.885,5.333E9,1.42893426376398E11,6.01454150204567,860.0,2540.0,1.40253640584361E11,4.12945520861133E11,80.0,21.2202496441965,26.6023033417081,7.93779413778996,10.7704636560411,65.4836585365854,35.2902868093931,3.54227197197364,38.7495137813154,90.4,2.16464981162964,1.6248139874818E8,0.1,338.500286332721,52.8343082575447,796100.0,24.0,5.998E9
2007,"Papua New Guinea","PNG",55.022,35.4585704542659,89.5045523397787,3.785,9.57728430033554E7,6.25873819163293E9,6.20987252256444,850.0,1870.0,5.40151291292728E9,1.18204557284216E10,58.0,68.0112555186002,44.9385628514887,2.43668248920844,1.81844138956048,57.42,122.567197494461,0.555229126349665,4.74376014667952,65.1,1.95451224996248,6324097.1449619,1.5,126658.395916343,19.6028666942454,462840.0,56.0,1.3315E7
2007,"Paraguay","PRY",72.3,22.0014388044115,50.9220902105284,3.083,1.964E8,1.22222875662036E10,6.76130442689072,1710.0,4520.0,1.04621439319675E10,2.76519360669122E10,80.0,53.9164448293489,19.9769479839505,10.2275620645468,8.66390601615271,71.7585365853659,81.8586532660653,0.773837128035151,76.6990320285223,28.8,1.72205124359034,6120495.75574082,0.6,15358.2330176164,58.021613211638,406750.0,35.0,4.8389E8
2007,"Peru","PER",54.7,6.63729521669582,28.8698254444252,2.599,5.34256E9,1.07291240775086E11,8.8567316524182,3340.0,7070.0,9.52884843942202E10,2.01539517753805E11,99.0,22.4017516645338,36.9644041041089,2.03769847969029,26.7862535362722,73.1343902439024,45.0879201792523,1.16701066028495,54.0795105849379,19.9,1.17317090420612,2.8508481E7,0.5,56684.8861572106,56.3983006791953,1285220.0,72.0,2.130815E9
2007,"Poland","POL",13.915,4.31716495941475,40.6115721887641,1.31,2.2959E10,4.24789821809376E11,6.69999999999999,9870.0,15600.0,3.76271298872178E11,5.94809402208793E11,98.0,43.2992190704062,31.1158222263366,3.90880909879827,43.9554586816143,75.1439024390244,72.1673274454227,1.93726356416335,108.573368282103,6.8,-0.0543050208038707,3.812056E7,0.1,1406.06538833637,64.5670128142486,312690.0,31.0,1.0496E10
2007,"Portugal","PRT",16.489,2.65393328210214,32.936830017431,1.3,5.53410208623726E9,2.22758266725063E11,1.75104120037743,18960.0,21790.0,2.01089218068581E11,2.31144261422831E11,95.0,40.1009240206665,24.4607487481987,2.98257834126963,40.0554186872869,78.2970731707317,58.2917393455326,1.95998798201726,126.795873244953,3.8,0.22640847104148,1.0608335E7,0.5,3582.0889894597,72.8853179696992,92120.0,7.0,3.94134E9
2007,"Romania","ROM",31.231,8.97024939935092,31.3361502347418,1.29,9.492E9,1.65976294959603E11,6.0,6390.0,12350.0,1.37703010289157E11,2.66207000116857E11,97.0,43.7056832221399,36.0789791975657,10.8250951611578,23.8786064223797,72.57,66.9450474220091,1.57104027674821,94.7562089403878,14.9,-0.189143146569654,2.1546873E7,0.1,1963.16189360749,54.9507714030834,238390.0,14.0,8.539E9
2007,"Russian Federation","RUS",25.061,4.76091299958346,30.4880045108132,1.41,5.50732E10,1.29008212749316E12,8.09999999999999,7530.0,14330.0,1.06989376887909E12,2.03648500504527E12,99.0,21.7861971540649,38.467838156492,13.5262675783504,21.1118930330753,67.5829268292683,44.7947450541722,3.46799080861177,114.919071076707,14.5,-0.281096460565032,1.421E8,1.1,30349.7536945813,56.7712488439245,1.709824E7,30.0,4.71335E9
2007,"Rwanda","RWA",36.707,38.9316096872727,9.73776000520614,5.43,6.714E7,3.41181216849813E9,7.94445320729469,330.0,920.0,3.14242578539101E9,8.69722533765068E9,99.0,27.6747077428064,13.9369014988592,10.5481912729185,2.11538717825754,49.8114634146342,26.7897514534731,1.62904433110967,6.7178033311848,180.6,2.62048902695432,9454534.0,2.8,1004.80890967233,47.1314888138681,26340.0,16.0,5.1271E7
2007,"Senegal","SEN",104.369,13.5760921043649,25.44569915225,5.04,7.8E7,1.12991399330475E10,4.66018437728091,870.0,1720.0,1.03284344000349E10,2.04869079199604E10,84.0,47.8535198197487,24.1978733808378,5.60838492829348,6.89461786790669,55.4131707317073,54.1880293392262,1.70858939221186,30.5280562600818,113.6,2.64514809764511,1.1893335E7,1.0,2169.28220721942,62.2260345147973,196720.0,58.0,1.1918E9
2007,"Sierra Leone","SLE",126.02,44.6904762424181,20.9495953301389,5.22,9.447E7,1.66351661933362E9,6.84530168843953,280.0,720.0,1.53681374749713E9,3.88566494270757E9,67.0,28.3315474292524,24.4372620589532,10.3006520701223,0.239834698546233,47.3739024390244,41.4727446652361,1.77204880940911,14.3162866209136,261.8,2.79876495019997,5420400.0,1.7,29518.1167441517,30.8722616986287,71740.0,26.0,1.4842E8
2007,"Slovak Republic","SVK",20.704,3.54794523834084,86.4727671538082,1.25,3.36335111455666E9,7.49719176142111E10,10.423169946985,11720.0,19220.0,6.32779163373567E10,1.03733872080818E11,99.0,87.4981446808878,40.4804518785586,1.1144713796094,42.8291792330932,74.1926829268293,158.374428117193,1.51831220203575,112.427375967101,7.8,0.109540274600589,5397318.0,0.1,2334.49279808972,55.9716028831005,49030.0,25.0,1.482652E9
2007,"Slovenia","SVN",4.885,2.36631766294671,70.1649002592579,1.37,1.48277266046188E9,4.71816894495386E10,6.76455407834504,21510.0,26230.0,4.34117597220076E10,5.29284390828929E10,96.0,71.468560205101,34.3816526418586,4.12450195519203,52.563720131885,77.739756097561,130.903293037134,1.44469505792724,95.5547781551363,3.9,0.559207815536831,2018122.0,0.1,9251.17510239713,63.2520296951947,20270.0,60.0,2.8441E8
2007,"South Africa","ZAF",59.16,3.19638076205642,31.5662257651747,2.69,5.74587E9,2.83743429687231E11,5.09778737017473,5730.0,9460.0,2.74323158007171E11,4.52531497820805E11,83.0,34.6557376721162,31.1677151163971,8.99045611412188,8.28828000426326,50.4634146341463,55.7664719054183,1.43560607197489,88.3999607111286,59.0,0.96528820598173,4.78507E7,18.1,936.245446775073,65.6359041215465,1219090.0,31.0,8.3368E8
2007,"Spain","ESP",12.121,2.90626544571347,26.1965541678414,1.38,6.01218111970581E10,1.43688820759882E12,3.82516085280116,29290.0,30750.0,1.31460049665179E12,1.379988852997E12,97.0,32.7358817657413,30.2750333494545,3.08018045585874,51.3050741277452,80.8673170731708,44.7534227798147,1.16388277160122,107.895744875464,4.3,1.71362290408843,4.4878945E7,0.5,2477.77660548839,66.8187012048321,505370.0,47.0,1.073896E10
2007,"Swaziland","SWZ",83.854,7.34086059096236,79.859647343006,3.574,3.749E7,2.89357468020029E9,3.51061279660794,2550.0,4880.0,2.93436457104211E9,5.61683524368078E9,91.0,81.2218305724616,49.3826563306806,8.94560318354361,4.09936086447878,45.7839024390244,134.781383963798,2.13868162780938,33.0033289936851,90.9,1.28378402213223,1151399.0,26.1,2292.86285640338,43.276483078357,17360.0,61.0,1.0045E8
2007,"Sweden","SWE",7.721,1.5024882242885,52.4082497473613,1.85,1.22856720524277E10,4.54310084630408E11,2.72890309055633,47870.0,37490.0,4.37933050091359E11,3.42961645922487E11,96.0,44.7804347762369,28.7632185172808,3.0821083344551,79.745186209321,80.9156097560976,70.6125727367418,1.40569030522137,113.367902290445,3.2,0.741552514625423,9148092.0,0.1,18692.4224198882,69.7342932584307,450290.0,15.0,7.74684E8
2007,"Thailand","THA",37.28,11.8459243065029,76.0354492025607,1.81,9.49759E9,2.36614829822365E11,4.92624355085236,2660.0,6110.0,1.77918579032971E11,4.09232124495916E11,96.0,68.1129689582563,45.5181855736345,3.44966271444507,20.0300513476099,68.7624390243902,123.434114513981,1.35340993432766,118.044963673062,7.0,0.708399810293995,6.6979359E7,1.4,3135.29426281909,42.6358901198626,513120.0,33.0,1.635E9
2007,"Tunisia","TUN",6.882,10.3460728257599,54.1340377392138,2.03,1.61961E9,3.5019906323185E10,6.33251703577513,3210.0,7140.0,3.28221988049074E10,7.30084565854997E10,98.0,56.5368196966151,29.6354253742156,2.37361138848826,16.8422751188218,74.3024390243903,97.1129753636272,1.33970865237793,76.6974299293915,21.2,0.956108199733671,1.02254E7,0.1,410.252899642068,60.0185018000245,163610.0,11.0,1.715758E9
2007,"Uganda","UGA",149.954,24.0382693769392,16.7350629376926,6.381,4.8404E8,1.18923751248202E10,8.58810892115258,370.0,1050.0,1.13971503474882E10,3.23122085069449E10,68.0,30.5920639234374,25.9195408805209,7.27610429103093,3.67196535074744,52.3660975609756,43.5512161838094,2.25808294261575,13.6932581802249,130.4,3.27055789745755,3.0637544E7,5.4,1272.94798825911,50.0421897425399,241040.0,28.0,4.5157E8
2007,"Ukraine","UKR",28.335,7.46048325983763,44.8440541616775,1.2,9.891E9,1.4271900990099E11,7.90000076782249,2570.0,6830.0,1.19485394649074E11,3.17657959712566E11,98.0,50.3626179531614,36.7341440704802,22.7526076490092,21.5010530140714,68.2170731707317,77.014337526761,2.87000281658483,118.772676891851,24.2,-0.596804887457382,4.650935E7,1.6,1141.70591504719,55.8053726696821,603550.0,27.0,4.503E9
2007,"United Kingdom","GBR",24.12,0.93945415229969,25.9441820362602,1.9,1.9776623608789E11,2.77202994575335E12,3.02473392954174,43430.0,35540.0,2.64910499029767E12,2.16779646794616E12,86.0,29.4969104354853,23.08139987922,3.08690121638442,71.725701898914,79.3260975609756,38.3297820064221,2.38239832816179,120.036980826372,5.8,0.652008314567837,6.1001341E7,0.2,2376.99692536267,75.9791459684803,243610.0,13.0,8.234057E9
2007,"Uruguay","URY",61.1,10.0031230144959,27.9858493647719,2.02,8.7918E8,2.42538059451213E10,7.58165271221995,6620.0,11300.0,2.20172914225524E10,3.75684961740856E10,96.0,28.9149777426334,27.4111431506823,9.77722493137252,29.1223638694957,75.8551219512195,41.8162206086261,1.19663898468563,90.3853177556766,14.0,0.284407272239314,3323906.0,0.6,17750.2011188042,62.5857338348218,176220.0,44.0,9.648E7
2007,"Vietnam","VNM",16.64,20.2958877287448,76.7885910586837,2.136,6.7E9,6.86428466907774E10,8.47961671286141,770.0,2530.0,6.54182959313544E10,2.15365838360102E11,83.0,90.222418412346,41.6060978221439,8.24454768526195,20.9876354737073,74.2226829268293,162.076611567666,2.06553235753028,27.8671080583736,14.9,1.20279053734755,8.51549E7,0.5,4303.92144198396,38.124150470055,329310.0,50.0,5.5E9
2007,"Zambia","ZMB",141.798,21.609221451737,42.082354981262,5.874,9.8386E8,1.14100616611535E10,6.200025421802,740.0,1130.0,9.11645030863837E9,1.38825216904164E10,85.0,35.6495983796849,38.177972772738,11.7998719972303,4.87252579230924,45.0826829268293,75.2822487300357,1.30504280803171,21.4312037526245,169.8,2.42033662535873,1.2313942E7,15.2,6512.94280905335,40.212805775525,752610.0,33.0,5.93E7
