"Year","Country Name","Country Code","Adolescent fertility rate (births per 1,000 women ages 15-19)","Agriculture, value added (% of GDP)","Births attended by skilled health staff (% of total)","Cash surplus/deficit (% of GDP)","Contraceptive prevalence (% of women ages 15-49)","Exports of goods and services (% of GDP)","External debt stocks, total (DOD, current US$)","Fertility rate, total (births per woman)","Foreign direct investment, net inflows (BoP, current US$)","GDP (current US$)","GDP growth (annual %)","GNI per capita, Atlas method (current US$)","GNI per capita, PPP (current international $)","GNI, Atlas method (current US$)","GNI, PPP (current international $)","Gross capital formation (% of GDP)","High-technology exports (% of manufactured exports)","Immunization, measles (% of children ages 12-23 months)","Imports of goods and services (% of GDP)","Income share held by lowest 20%","Industry, value added (% of GDP)","Inflation, GDP deflator (annual %)","Internet users (per 100 people)","Life expectancy at birth, total (years)","Malnutrition prevalence, weight for age (% of children under 5)","Market capitalization of listed companies (% of GDP)","Merchandise trade (% of GDP)","Military expenditure (% of GDP)","Mobile cellular subscriptions (per 100 people)","Mortality rate, under-5 (per 1,000)","Net barter terms of trade (2000 = 100)","Official development assistance and official aid (current US$)","Population growth (annual %)","Population, total","Prevalence of HIV, total (% of population ages 15-49)","Primary completion rate, total (% of relevant age group)","Ratio of girls to boys in primary and secondary education (%)","Renewable internal freshwater resources per capita (cubic meters)","Revenue, excluding grants (% of GDP)","Roads, paved (% of total roads)","Services, etc., value added (% of GDP)","Surface area (sq. km)","Time required to start a business (days)","Total debt service (% of exports of goods, services and income)","Workers' remittances and compensation of employees, received (current US$)"
2007,"Afghanistan","AFG",121.262,37.4741116086607,,-1.67909630418357,,17.2869746229451,2.041319E9,6.634,2.88405548216645E8,1.0169548110697E10,16.1776529410024,,,9.80198445148925E9,3.06045579650809E10,30.5824848923848,,70.0,56.5929055536929,,24.9407173281385,6.75746309770156,,43.8307317073171,,,32.6071519000142,2.10588798739377,,257.0,,3.95108E9,,,,,57.7365184222676,,6.72902212774721,,37.5851710632008,652090.0,9.0,,
2007,"Albania","ALB",14.16,21.4296517302937,,,,27.8462082101059,2.775868E9,1.873,4.7668E8,1.08312247347093E10,6.0,3360.0,7350.0,1.0512791865795E10,2.30227842058679E10,29.9429410954903,,97.0,54.317957055649,,19.9556814014389,3.1598111878404,,76.4982926829268,,,48.6371590381502,1.79840767581913,73.4247673871445,15.181,,3.0519E8,0.34239375307591,3132458.0,,,,8587.50540310517,,,58.6146668682674,28750.0,36.0,4.14908578928676,1.468E9
2007,"Algeria","DZA",7.339,8.17792509967543,,6.17784917581827,,47.1298698257936,5.540664E9,2.383,1.6646E9,1.34304104724814E11,2.99999999999999,3610.0,7650.0,1.22195605953918E11,2.58946303102235E11,33.6904419814747,,92.0,23.5531153063549,,61.0919805828934,6.79210012490942,10.338916903211,72.250243902439,,,65.3696774047883,2.93798757817369,81.4196204875636,37.0,183.799076173003,3.8979E8,1.49261743944306,3.38526756019577E7,0.1,95.1380535429547,,332.233709744041,40.3774472932024,,30.7300987725309,2381740.0,24.0,,2.12E9
2007,"American Samoa","ASM",,,,,,,,,,,,,,,,,,,,,,,,,,,,,,,,,1.67301563412825,65029.3607635464,,,,,,,,200.0,,,
2007,"Andorra","ADO",,,,,,,,,,,,,,,,,,94.0,,,,,,,,,,,,2.7,,,2.8311345059461,82180.0,,,102.661735565572,,,,,470.0,,,
2007,"Angola","AGO",123.683,9.69786815376102,47.3,,,73.9232069174167,1.2738275E10,5.785,-8.9334E8,5.92634213751206E10,20.279579920195,2590.0,4400.0,4.55085930589368E10,7.72036746562956E10,14.3652729786114,,88.0,40.3977518774727,,72.3986797974221,4.12508375159972,2.83686569634087,46.8014634146342,,,97.9646443841209,3.7837,28.2634764649805,158.0,204.059874057591,2.4119E8,2.68736923022808,1.7554585E7,2.1,,,8430.84584454717,,,17.9034520488169,1246700.0,119.0,10.2432488262148,
2007,"Antigua and Barbuda","ATG",,,,,,,,,3.90946346296296E8,1.15479257219822E9,8.53229596416955,12610.0,19350.0,1.06954780637114E9,1.6414437363637E9,,0.0565124783575453,99.0,,,,8.47470147526349,70.7434213433699,,,,69.6228932672762,,132.503607233154,10.8,,4190000.0,0.848430603279931,84813.5400587651,,97.2921914357683,95.0220572875068,613.109651642539,,,,440.0,21.0,,2.3512E7
2007,"Argentina","ARG",56.9,9.39487471301088,,,,24.6265468941767,1.27758152E11,2.254,6.46221E9,2.62450806576364E11,8.65333684642083,6040.0,12970.0,2.3873326402811E11,5.12408064974433E11,24.2009503504714,6.62368652660701,99.0,20.3371259842742,,33.7362018117639,14.1649276632303,25.9380936032738,75.2185365853659,,33.0287420834341,38.2874037656128,0.749825379800461,102.27399274579,16.3,116.166077738516,8.202E7,0.938917246582669,3.95034660477389E7,0.5,,,6986.72870037432,,,56.8689234752252,2780400.0,31.0,12.9990555503273,6.0661E8
2007,"Armenia","ARM",35.706,20.2820602192449,,-0.566994820446348,,19.1894053167467,2.888062E9,1.735,6.9881E8,9.2044729303087E9,13.7,2580.0,5740.0,7.91161866395498E9,1.76359883178137E10,37.7899739829511,2.02760242914245,92.0,39.1584900031159,,43.9088082785996,4.25743573711026,,73.3953658536585,,1.14074972890901,48.0212178738165,3.04255824394972,61.0721411251607,24.3,,3.5155E8,0.129459342205467,3072450.0,0.1,97.5367682399308,104.422217047594,2952.36700353138,20.9602968559956,,35.8091315021555,29800.0,18.0,7.04672482041183,8.45865E8
2007,"Aruba","ABW",33.439,,,,,,,1.738,-1.16160051322566E8,,,,,,,,0.093171928414204,,,,,,23.0379358009522,74.6404878048781,,,,,139.983297496544,,192.481111029081,,1.42891339463077,104176.0,,98.6147757255937,100.673573510894,,,,,180.0,,,1.2561E7
2007,"Australia","AUS",14.896,,,1.67490059043258,,20.6273656990611,,1.931,3.95962199075264E10,8.2097354165031E11,3.30001215092035,35760.0,33400.0,7.51518844186445E11,7.01950796422013E11,27.4805532125691,13.5226740143175,94.0,21.8473443922293,,,4.63226158556375,53.2952652867,81.2926829268293,,158.157234323279,37.3573992326826,1.97652423221769,101.165833928147,5.7,152.391140331552,,1.52042226074448,2.1015E7,0.2,,97.4918886836655,23411.8486795146,27.4812226372655,,,7741220.0,2.0,,3.82839E9
2007,"Austria","AUT",12.779,1.94127332713244,,-0.855875597289464,,58.8590648085428,,1.38,3.07168498614728E10,3.73192406657177E11,3.35482478713357,41970.0,36750.0,3.48968487465682E11,3.05585475953451E11,20.8429038399262,11.3045566954448,79.0,51.5702721208438,,31.1858293967154,2.29604922005144,67.3651515430296,80.0317073170732,,61.2840478316848,87.6359346937184,0.941066706079489,119.200132476661,4.4,,,0.397678512654407,8315427.0,0.2,102.231993018729,97.2331971123601,6614.2123549398,37.1034326196605,,66.8728972761521,83870.0,28.0,,2.96477E9
2007,"Azerbaijan","AZE",33.849,5.90592094460309,,,,68.129739214943,3.021415E9,2.0,-4.74888E9,3.3049963583394E10,25.049,2710.0,6630.0,2.32411034338042E10,5.68712185605215E10,20.1142413878213,3.93729582614319,97.0,28.5131963193294,,68.5135448850671,20.9840366340144,10.7979241789015,67.380243902439,,,82.6455857691901,2.86308663305243,52.6611475981611,39.3,,2.2528E8,1.13361074769076,8581279.0,0.2,113.342489530759,96.6898727976726,945.663228057263,,,25.5805341703298,86600.0,36.0,0.696716196359243,1.2873E9
2007,"Bahamas, The","BHS",52.976,,,,,,,2.022,7.1334E8,6.570999808E9,2.79579520225525,,,,,,1.31951247233758E-4,96.0,,,,2.48973560333252,36.2384080917559,73.3958536585366,,,57.1937316970319,0.88723180190968,112.942736565905,13.4,,,1.17293572592797,331140.373760788,3.0,97.3007712082262,101.405051433459,60.3973468195931,,,,13880.0,31.0,,
2007,"Bahrain","BHR",16.732,,,,,,,2.292,1.75604655733518E9,,,,,,,,0.0458083501097161,99.0,,,,,33.2098383168582,75.8309756097561,,,,,148.248718246455,10.18,119.726403340605,,1.86047496210377,752788.970589759,,,,5.31357413069731,,,,710.0,9.0,,
2007,"Bangladesh","BGD",71.608,19.2434650141206,18.0,-1.33253403499727,55.8,19.7766917282094,2.2033403E10,2.358,6.5282E8,6.84154213727194E10,6.42784252079143,480.0,1340.0,7.49327855480065E10,2.11439535559746E11,24.4641801535694,,88.0,26.7024271451155,,28.377570491992,6.78645029797174,0.316952163652392,65.9551219512195,,9.92938414131993,45.3833351852757,1.20101109705046,21.7872917294655,60.5,69.0730452198264,1.50212E9,1.46190786923124,1.57752512E8,,,107.404678166227,665.599543670024,10.2526709136468,,52.3789644938873,144000.0,74.0,3.89620881028222,6.562317E9
2007,"Barbados","BRB",42.7,,,,,,,1.525,,3.409E9,,,,,,,9.9725076441798,75.0,,,,,,76.9065853658537,,164.249926664711,63.8086095629217,,,11.6,114.228426341056,1.365E7,0.256867811116496,254543.0,1.2,94.6305156831473,101.274827433214,314.288744927183,,,,430.0,,,1.4E8
2007,"Belarus","BLR",21.262,9.23227980464616,,0.431508710414109,,61.0446321886517,9.46986E9,1.287,1.7852E9,4.5275711995825E10,8.60000078498793,4240.0,10790.0,4.11799796062348E10,1.04654652636861E11,32.8240637346872,2.67753353933274,99.0,67.0933965108943,,41.7343425886207,12.8727082724944,28.9605236033807,70.2034146341464,,,116.990637286686,1.64976591437478,71.7377860235003,13.4,,8.326E7,-0.313875067944899,9702000.0,0.2,92.3970810678223,101.092557550263,3834.26097711812,38.251314527923,,49.0333776067331,207600.0,48.0,3.87583322863758,3.542E8
2007,"Belgium","BEL",7.722,0.872525635537072,,,,89.4102176541717,,1.81,7.21947729373998E10,4.52753750136866E11,2.79911428026702,41120.0,35320.0,4.36888983805468E11,3.75270057161876E11,22.3440145102781,7.48332012407263,92.0,86.5120918984281,,24.0736210493412,1.63306902809779,65.9384322915196,80.2207317073171,,85.3359281691657,186.824310074583,1.14056831922612,101.058010295792,4.6,101.150442477876,,0.734330830765897,1.06257E7,0.2,86.3791413130667,98.0565511258976,1129.33736130326,,,75.0538533151217,30530.0,4.0,,8.55668E9
2007,"Belize","BLZ",78.717,12.2713811449568,,,,59.8795260939526,1.05716E9,2.935,1.1233E8,1.27675165594473E9,1.21874454967997,3760.0,6080.0,1.14414991344179E9,1.84708802681186E9,19.2881568021713,0.0758090529425768,96.0,61.6857206322081,,21.483497284547,3.97939706576018,10.5266220596022,76.1980487804878,,,74.4840232297427,,38.9202113237429,25.4,78.822407654853,2.342E7,2.12483032083483,303991.155176035,2.1,106.286464410735,101.638553278626,52633.1102980109,,,66.2451215704961,22970.0,44.0,69.2987340573826,7.48E7
2007,"Benin","BEN",111.787,,,,,,8.56605E8,5.485,4.8E7,5.42761550451001E9,4.600056363764,610.0,1410.0,5.12026510666288E9,1.18407922932908E10,,,61.0,,,,2.86799979962365,1.78717551445634,61.1721951219512,,,45.6001350490547,,22.6891939743114,123.4,80.3292246359805,4.6994E8,3.2073271309016,8393132.0,1.2,,,1227.19385326002,,,,112620.0,31.0,,2.24041E8
2007,"Bermuda","BMU",,,,,,,,1.7568,,5.855378944E9,4.63692283630371,,,,,,,,,,,4.55128145217896,75.0,78.8614390243903,,46.6427540577637,19.09355501484,,,,,,0.312989300892757,64000.0,,,,,,,,50.0,,,
2007,"Bhutan","BTN",38.281,20.5126023274952,,,35.4,52.5985636375518,7.75037E8,2.677,7.83123934362794E7,1.05337932350595E9,14.0480316256798,1480.0,4050.0,9.99109056802194E8,2.73529906721666E9,41.8570266857234,,95.0,57.1192781821458,,43.4924840104707,4.57219589808911,5.91680965623336,65.860243902439,,,113.942035904526,,22.1050529554464,84.0,,8.921E7,1.80243147508508,676040.0,0.1,,,140524.229335542,,,35.9949136620341,47000.0,48.0,,
2007,"Bolivia","BOL",78.2,12.877394394968,,1.24212165049187,,41.7956567499272,4.947041E9,3.5,2.0422E8,1.31200996588109E10,-2.73875693324044E-6,1220.0,3960.0,1.16248673353398E10,3.76983546746413E10,15.1866548335478,4.67429980320928,81.0,34.2662546827355,,36.3892842805827,12.2742894282174,10.5069197042762,65.5129268292683,,17.2483445922628,60.329267351902,1.74547545888774,34.1938245547936,57.4,137.153558052434,4.7649E8,1.73485308045373,9517537.28157844,0.2,97.7426864622683,98.6608271330171,31891.7584475865,23.2656060006429,,50.7333213244494,1098580.0,50.0,11.9486630362223,9.26512E8
2007,"Bosnia and Herzegovina","BIH",15.928,,,1.04895773309922,,39.0773328388707,6.478541E9,1.214,2.11125E9,1.51441567529741E10,6.84,3780.0,8010.0,1.42967235821921E10,3.02502840796704E10,22.6841497227357,3.01970409976235,96.0,73.6505857139227,,,5.93266891458664,27.9217977932517,75.0007317073171,,,92.0354974354235,1.29846125410101,64.8533377796481,14.2,,4.4317E8,-0.0814296745823722,3778410.0,0.1,,99.3950855879975,9395.48646123634,40.2513086494309,,,51210.0,54.0,8.03600421532494,2.6999E9
2007,"Botswana","BWA",52.128,1.81598153226791,,,,47.0402280527215,4.01992E8,2.896,-2.856E7,1.23238066006931E10,4.2450357432197,6100.0,12760.0,1.14843943156807E10,2.4007473227571E10,40.6587929980536,0.431242052951689,90.0,36.6134773630586,,49.2891146337194,12.970568873305,5.31510175273334,50.5875609756098,,47.7710352876593,74.8083697246716,2.57093582929912,61.217269098299,39.7,89.5825914047719,1.0444E8,1.24445716525646,1881431.5257196,23.9,,,1275.624420656,,,48.8949038340127,581730.0,108.0,0.856115838861261,1.41159E8
2007,"Brazil","BRA",75.6,5.98222907022607,,,,13.681763743686,2.37471672E11,1.9,3.45849E10,1.33327054355079E12,5.66950647970702,6060.0,9510.0,1.15126464901383E12,1.80789147717127E12,17.7344490764783,12.3769208810352,99.0,12.1405014068696,3.02,28.0510308209644,3.73212871576567,35.5093676496257,72.2807317073171,2.2,102.783085295681,21.5422894767538,1.49098537078877,63.6335510107709,21.7,107.776962582539,2.9712E8,1.03710622164022,1.90119995E8,0.6,,102.509165079383,28497.7916183934,,,65.9667401088095,8514880.0,152.0,27.8203440366258,4.38244E9
2007,"Brunei Darussalam","BRN",25.043,0.687650918960571,,,,67.6555557250977,,2.294,,,0.619996964931488,,50200.0,,1.95402856550137E10,12.9470672607422,,97.0,27.8166408538818,,71.0370941162109,0.946084797382355,48.2720657927329,77.2926829268293,,,,2.41461082214163,89.6319005997326,8.8,196.022897725545,,1.89321007720989,389252.038242555,,107.368270741111,101.228295961818,21836.7514230032,,,28.2752552032471,5770.0,116.0,,
2007,"Bulgaria","BGR",42.228,6.24482874492831,,3.54631892126758,,63.3949847467662,3.2967941E10,1.42,8.97415E9,3.95492383679684E10,6.16726482496549,4460.0,10790.0,3.41275060758878E10,8.26528595684077E10,36.7971230905238,6.00527190174931,96.0,85.4876461208704,,32.295825186191,7.851605964838,30.9152736298403,72.6839024390244,,55.1034378898445,123.042020878491,2.60970408644982,129.213863508066,11.8,,,-0.511187415410182,7659764.0,,98.1712062256809,96.6445454110519,2741.59882732679,37.1500028538662,,61.4593460688806,111000.0,32.0,15.4595168177558,2.13247E9
2007,"Burkina Faso","BFA",130.9,,,,,,1.460902E9,6.004,6.0E8,6.7669863208059E9,3.59720800997887,430.0,1120.0,6.39860221454146E9,1.65114914212642E10,,,94.0,,,,3.74080587522899,0.744378353537748,52.2024390243903,,,33.1462174395659,1.40133201776024,10.9017593413574,190.7,89.6261412832768,9.3044E8,2.87590051690628,1.4777431326047E7,1.6,33.2955359595775,81.7939356015925,845.884492656531,,,,274000.0,18.0,,5.0E7
2007,"Burundi","BDI",18.62,,,,,,1.456063E9,4.655,500000.0,9.79785001894867E8,3.60029859499636,120.0,370.0,9.55888500691511E8,2.87716233084531E9,,3.79323403181015,75.0,,,,8.27746950624237,0.701711320810806,50.229512195122,,,37.9759666947755,4.72641509433962,3.4447646657985,179.5,128.637357323887,4.6626E8,3.03736602359384,7837981.0,2.0,39.2308943711841,90.0252555385558,1283.49379770122,,,,27830.0,32.0,42.6034072031193,190000.0
2007,"Cambodia","KHM",39.217,31.8841789699457,,,,65.3313199493381,3.760908E9,3.175,8.6729E8,8.3569089796267E9,10.2046015509322,550.0,1720.0,7.99329997527734E9,2.49166897156764E10,20.7859731551748,,79.0,72.9481546835714,7.12739629440938,26.7730459134589,6.51822133544999,0.484561306582459,59.5292682926829,,,113.829168454398,1.10732773803445,17.8825135056855,90.9,84.7594663621036,6.716E8,1.74181947866129,1.44460564739888E7,0.8,85.061116313967,89.649176996129,8346.22239066386,,,41.3427751165954,181040.0,86.0,0.494458927226122,3.5257E8
2007,"Cameroon","CMR",127.502,19.4597785118864,,,,22.0542557482856,3.161542E9,4.314,4.331E8,2.06915589105313E10,3.49999745272467,1050.0,2120.0,1.948933074538E10,3.92821751889199E10,17.3114158935054,,74.0,21.2404195240016,,30.6354350032793,2.05780627745253,2.95476151815712,50.3946341463415,,,35.204742337188,1.43402581686164,24.4755263812284,148.2,132.050047696128,1.9326E9,1.95117603269832,1.85327985570063E7,5.1,55.4748243111796,84.5135425633704,14730.6408775912,,,49.9047864848343,475440.0,37.0,9.86763033352486,1.67441E8
2007,"Canada","CAN",12.779,,,1.76335694482647,,,,1.59,1.11772024054461E11,1.32988289608965E12,2.69999999999999,39650.0,35500.0,1.3075376553025E12,1.17066144974726E12,,14.3061019881222,94.0,,,,-3.8327526132404,72.778723920427,80.5658536585366,,164.416743639981,60.9530439897735,1.30969220939085,61.4913876758855,5.7,117.640657216072,,0.996579676606894,3.2976E7,0.4,,,86426.4919941776,21.0476929460791,,,9984670.0,3.0,,
2007,"Cape Verde","CPV",94.898,8.47815009104278,,,,19.7048489990705,5.98528E8,2.764,1.3029E8,1.44655898136904E9,6.94200430993828,2680.0,3220.0,1.32009409057604E9,1.58484594392082E9,40.2954291081325,0.0,74.0,54.6630444234177,,16.3612693783187,3.17590744483221,8.28321981953034,70.9048780487805,,,53.1673483698617,0.544854305003692,30.9552039079389,32.2,103.269568917656,1.6344E8,1.44577968790904,491717.0,,86.2396758609942,103.849755640028,610.107033110509,,,75.1605805306385,4030.0,52.0,3.77439150517354,1.38857E8
2007,"Cayman Islands","CYM",,,,,,,,,,,,,,,,,,,,,,,41.0996011470525,,,,,,,,,,1.33527142108026,53528.5,,,,,,,,260.0,,,
2007,"Central African Republic","CAF",106.623,53.8656057408104,,,,14.8480414044563,9.73297E8,4.578,2.7207E7,1.71217296413064E9,4.2,370.0,710.0,1.60831686539225E9,3.07989486908624E9,8.87980040251409,,62.0,22.2762506885307,,14.2221932058001,1.97760659236808,0.368374593796809,44.6665853658537,,,24.9390691796614,1.11627272151189,2.99304357459907,171.9,81.2500100586348,1.7648E8,1.82618764690495,4343404.85729193,6.3,30.2442671086052,,32463.0110783438,,,31.9122010533896,623000.0,22.0,,
2007,"Chad","TCD",164.415,23.4225330393246,,,,49.6142937061439,1.797041E9,6.195,6.02768242092259E8,7.00605049029835E9,0.199997470925297,510.0,1220.0,5.46339457212058E9,1.31209560217345E10,19.2676572985443,,23.0,34.2531574976158,,44.0884297194261,1.73636167017584,0.836148489280126,50.6226829268293,,,73.9713180939309,0.991661703394878,8.53202202245932,209.0,,3.5159E8,2.78335559956484,1.07636384151677E7,3.5,30.4331735772179,64.3205945880176,1393.58081546688,,,32.4890372412494,1284000.0,75.0,,
2007,"Channel Islands","CHI",9.912,,,,,,,1.42,,1.1514605568E10,5.89832973480225,68640.0,,1.0241127424E10,,,,,,,,3.33633327484131,,78.9958536585366,,,,,,,,,0.17662244305312,149207.300987451,,,,,,,,190.0,,,
2007,"Chile","CHL",59.6,4.24461105312591,,8.81917082579525,,47.0797390790868,5.8648986E10,1.944,1.445731E10,1.63877525982353E11,4.68035824632062,8160.0,12280.0,1.35367925700772E11,2.03863555766376E11,21.0762487137467,,91.0,33.3142770346171,,47.0595310771884,5.09094734763733,31.1106089188855,78.4363414634146,0.6,129.920334544791,70.0331539129769,3.43256546450687,84.0948561224111,9.02,194.365012615643,1.2015E8,0.980545681392897,1.65945964396281E7,0.3,94.8371625116009,98.6338641380491,53270.3523834419,27.4858612560772,,48.6958578696857,756630.0,27.0,14.2195627108224,2500000.0
2007,"China","CHN",9.736,11.1256636068,,,,42.5333232913,3.73635353E11,1.725,1.3841319E11,3.38226749917844E12,13.0,2410.0,5430.0,3.17986625070516E12,7.15445856716422E12,43.3015164823,29.6943795242908,94.0,32.7896485904,,48.5021725106,7.44651951235285,16.1252534281657,72.9980487804878,,184.0867196788,64.2937023913,1.9587572773,41.5157359413616,21.9,78.9235501780367,1.43857E9,0.55449438988657,1.31830972422851E9,0.1,100.915023777533,99.9875550011657,2133.33782518053,,70.7,40.3721638827,9598088.0,35.0,2.2368470127646,3.2833E10
2007,"Colombia","COL",74.3,8.91632384521088,,-1.78814966622585,,16.8741345646539,4.4975931E10,2.45,9.03977E9,2.07785561582406E11,7.54589011945627,4100.0,8260.0,1.80411933833555E11,3.63372288239593E11,24.3252632628023,2.87977842176485,95.0,21.04279863845,,35.4690101865985,4.75224249806867,27.5081274012776,72.8348780487805,,49.0678703676748,30.2660370244537,3.29706196210367,77.1617068679383,20.3,121.364009860312,7.3083E8,1.25364806146305,4.3987E7,0.6,106.628437471431,104.446592453168,48014.1860095028,24.0404918431896,,55.6146659681906,1141750.0,42.0,21.9775612954138,4.523034E9
2007,"Comoros","COM",45.657,45.343721781304,,,,12.1653377743176,2.9101E8,4.302,800000.0,4.64949227987203E8,0.490990939913132,690.0,1170.0,4.35252874915091E8,7.32380863296782E8,13.7737533343616,,65.0,37.3489618101511,,11.8570559936335,5.18348129786075,3.51681193246584,65.1309756097561,,,32.9068188073669,,6.36527046600152,65.8,61.2590302091131,4.446E7,2.38399248572486,628410.060713836,0.1,,,1909.58113980045,,,,1861.0,23.0,,1.2E7
2007,"Congo, Dem. Rep.","ZAR",201.414,41.0842559662318,74.0,,20.6,27.1901815199209,1.2282618E10,6.3,7.2E8,9.94978131939374E9,6.25661835080041,140.0,290.0,8.78561417292542E9,1.78068033706874E10,19.5637980699253,,79.0,37.9694969831331,,27.4840882203428,17.6754611792838,0.369235360158459,46.4187804878049,,,59.8003092631039,0.00206063838950929,10.5642339156448,161.4,119.156565319896,1.21654E9,2.85339533370173,6.23992241428672E7,,50.6836825976893,73.4149265445202,14423.2562561898,,,31.4316558134254,2344860.0,155.0,,
2007,"Congo, Rep.","COG",112.808,5.04621562979479,,,20.6,73.0105883637158,5.156119E9,4.41,4.28947E9,7.64584250532584E9,-1.59,1510.0,2700.0,5.36995637402119E9,9.59639373291188E9,27.1359806032694,,67.0,42.9116380630787,,59.8417720009596,-7.89082954875258,2.75970437370903,53.5312195121951,,,112.283346524859,1.38764872830477,36.2600092084013,125.4,187.096574000054,1.2688E8,1.84829348741928,3551105.0,3.5,72.2670420704965,,62515.7521391229,,,35.1120123692456,342000.0,37.0,1.19539498365993,1.4814E7
2007,"Costa Rica","CRI",67.0,8.70699843785315,,1.73918407254996,,48.8093678602666,7.846261E9,2.099,1.8961E9,2.62671573202743E10,7.79547089771273,5520.0,10510.0,2.46502203295587E10,4.69090219269743E10,24.6164829525487,,90.0,53.6361802235621,,28.7660547571832,9.2977537901124,33.6157609855736,78.7865853658537,,7.74830704055321,84.8567042418249,,33.7999529452672,11.48,84.9303135888502,5.272E7,1.43153037681484,4462192.60258227,0.4,91.3827413616354,101.690896674555,25189.4102318565,24.6789012639104,,62.5269468049637,51100.0,77.0,4.41840913491761,6.35325E8
2007,"Cote d'Ivoire","CIV",129.929,23.8536523461133,,-0.826356035497894,,46.5847674756383,1.3938128E10,4.645,4.269E8,1.97957213828617E10,1.7142291903655,880.0,1550.0,1.77709107660649E10,3.1105846887311E10,8.62509112050927,31.5041185961044,67.0,40.9457307538096,,25.2860730760134,2.71288096723094,2.23626975098292,57.2782926829268,,42.1954312169273,73.9351687010063,1.59157858877783,37.1106877990514,126.5,134.520096942201,1.6505E8,2.25852731262221,2.0122796E7,3.9,44.6930717742051,,3818.55483701172,19.15586044533,,50.8602745778733,322460.0,40.0,4.46463809219809,1.7944E8
2007,"Croatia","HRV",14.126,6.06411839824527,99.9,-1.1137947708669,,42.7884873974192,4.8583564E10,1.4,4.91575E9,5.85582312537493E10,5.47141455062213,12000.0,17840.0,5.32398433062375E10,7.91296652415781E10,28.8912635148142,9.09150956690434,96.0,50.3506828886164,,28.216569530131,4.04480363217266,44.744320423302,75.6658536585366,,112.669096363418,65.2395524626676,1.6335529341276,113.494193619361,5.8,,1.6384E8,-0.0905364673893594,4435982.0,0.1,101.3573022863,102.192917316865,8498.68191530083,35.9314814002877,89.1349266478408,65.7193120716238,56540.0,22.0,32.9704591059005,1.393883E9
2007,"Cuba","CUB",45.2,,99.9,,77.1,,,1.49,,,,,,,,,,99.0,,,,,11.6371898078277,78.2590243902439,,,,,1.76114210212324,6.5,143.517001863448,9.201E7,-0.0860225663465615,1.1257013262075E7,0.1,93.3942720314245,98.9517780892235,3386.33340056787,,,,110860.0,,,
2007,"Cyprus","CYP",6.08,,,0.763290610237165,,,,1.47,2.23949659248479E9,2.1276719104E10,4.36157321929932,22950.0,24040.0,1.9616999424E10,2.05487398298546E10,,30.6871410320547,87.0,,,,3.1210732460022,38.0000304209914,79.2926829268293,,138.548585510351,47.1246534345374,3.25391228352549,115.636272586124,4.5,,,1.06665921416493,854673.0,,99.9516300667505,100.612323777492,912.629742603311,64.6226979508162,,,9250.0,,,1.72106E8
2007,"Czech Republic","CZE",10.552,2.39917656672324,,-1.67778533468886,,80.1729566384694,,1.44,9.29373530237069E9,1.73958164287709E11,5.95051096844756,14240.0,22160.0,1.47171412705684E11,2.29043489773998E11,27.0277252397777,14.128661850995,97.0,75.141186924775,,38.8798478848451,3.61785334158178,48.2990586559527,76.7141463414634,,42.2055959837394,138.658741696691,1.45536476322208,128.008768975901,3.9,,,0.631221550381242,1.033416E7,,93.218763150941,100.618203888492,1272.47884685354,31.2106879713017,,58.7209755484317,78870.0,17.0,,1.332446E9
2007,"Denmark","DNK",6.008,1.33754572478485,,4.7559553959409,,52.1393813839803,,1.85,1.18576831408891E10,3.11579353416605E11,1.79956902575225,55450.0,36800.0,3.02815788191373E11,2.00956886758256E11,23.380740202731,16.6806222041345,89.0,50.9917240387257,,25.693916270362,1.50669097622456,80.7132663595192,78.2763414634146,,89.1414537061493,64.6534479550865,1.34008317229068,115.538013980933,4.4,98.895623184498,,0.443466054321374,5461438.0,0.2,100.673109149816,101.625016140352,1098.61175756275,40.3829987297184,,72.9685380048532,43090.0,6.0,,1.02774E9
2007,"Djibouti","DJI",22.983,3.85527653326306,,,,59.1994164562101,4.72217E8,3.949,1.95351140270424E8,8.17680521716623E8,4.26399703374119,1070.0,2240.0,8.94541855113339E8,1.86734687552252E9,38.8737880112029,,74.0,80.0026149367942,,16.8856594254734,3.10096684828241,,54.7565853658537,,,64.9763623920747,4.22174664015029,,127.4,85.275862044888,1.1245E8,1.75408557237258,832991.99015799,3.1,,78.8526848358798,360.14752067796,,,79.2590640412635,23200.0,37.0,,2.864E7
2007,"Dominica","DMA",,,,,,,2.89911E8,,4.642E7,3.41033333333333E8,5.38839929776991,4500.0,7880.0,3.27787258028771E8,5.73855750710594E8,,6.1818398465625,96.0,,,,3.21330693353875,,,,,68.1948001172906,,,11.4,,1.941E7,0.547979483762289,72793.4303504229,,,,,,,,750.0,14.0,11.6435958304842,2.5978E7
2007,"Dominican Republic","DOM",108.7,6.57133358681071,97.8,,72.9,29.110533764479,1.034203E10,2.4,1.698E9,4.13165437557733E10,8.47462477828749,4070.0,7340.0,3.95645506832476E10,7.13570607135494E10,18.9225810712615,,96.0,39.8749738218514,,31.5574236377804,5.70085725461085,17.2430528555597,72.299756097561,,,50.2394394911107,0.557758580183715,56.6841797167226,37.6,94.6987951807229,1.2766E8,1.14683378188183,9725568.981593,1.1,88.896873877111,103.551183404567,2158.74259282268,,,61.8712427754089,48730.0,22.0,8.61939114216167,3.4139E9
2007,"Ecuador","ECU",82.8,6.90642355610095,,,,32.6889565162214,1.7525331E10,2.578,1.8269E8,4.5789374E10,2.49093630715778,3150.0,7100.0,4.2057624680253E10,9.47705458759379E10,23.0705984122648,6.73240075229633,99.0,33.4370192934096,3.4,35.6422705286803,6.9757070448331,8.63524907273148,74.9980487804878,,9.31755476718245,61.6179236038475,2.86092576849817,74.5149145609296,22.2,114.166031987814,2.1535E8,1.03676374367864,1.33395804834108E7,0.3,106.007277679654,100.313913859138,32384.8265346304,,,57.4513059152188,283560.0,65.0,18.7486440027812,3.093759E9
2007,"Egypt, Arab Rep.","EGY",39.023,14.0702182765833,,-4.55803714266495,,30.2502310389927,3.0444388E10,2.886,1.15781E10,1.3047566241843E11,7.0747456970938,1500.0,5090.0,1.20049234266686E11,4.07330145880219E11,20.8515795843567,0.163101305820538,97.0,34.828716961894,,36.3445200416617,12.6076366182475,13.1555995000783,70.0119512195122,,106.754775119138,43.1680199632727,2.50218955012281,37.5531341657201,36.2,130.580963823459,1.08341E9,1.83849235713202,8.006054E7,,98.451539949878,,22.4829860003442,27.1175396693581,,49.5852616817549,1001450.0,9.0,4.37848519222294,7.6558E9
2007,"El Salvador","SLV",82.7,12.1300830317224,,0.824146157093351,,26.130914800521,8.80882E9,2.349,1.52561E9,2.03726E10,4.65002279981761,3200.0,6330.0,1.95522920421313E10,3.86460651442794E10,20.3999489510421,3.52819921333902,98.0,50.0713243599737,,28.7577176921439,4.36249932394168,12.4943484770404,71.1590243902439,,33.0983772321648,62.3189970843191,0.598843544761101,100.501411468371,23.8,95.4623287671233,8.812E7,0.411176261484168,6106761.0,0.8,90.9288634395537,101.157558782616,2906.61448843339,19.1551397465223,,59.1121992761337,21040.0,26.0,11.0113520068745,3.7113E9
2007,"Equatorial Guinea","GNQ",122.805,2.67770054387531,,,,81.8945338436775,,5.358,,1.25757701975204E10,21.4424770576449,9710.0,16230.0,6.23547415456042E9,1.04210363076912E10,35.272873908152,,51.0,30.2860622212357,,94.5693281469802,-1.1638416958416,1.55712305943539,50.0509756097561,,,103.134836246907,,34.2567073075785,206.0,185.995132479214,3.136E7,2.65335018894508,642210.0,3.4,66.7235633585304,,40485.1995453201,,,2.75297130914447,28050.0,136.0,,
2007,"Eritrea","ERI",66.873,24.3,,,,6.26293075636896,8.74772E8,5.047,-2820000.0,1.37414561913154E9,1.32516096489009,270.0,620.0,1.30808203401329E9,3.0098410696494E9,10.5618146485679,,95.0,34.476250044591,,19.2221188321003,5.85636078278378,2.47843111166957,57.8682926829268,,,38.2055578892576,,1.74208922839254,70.4,70.565200824411,1.5486E8,3.13974657646904,4841772.66154327,1.3,46.3815211663446,77.7567770021584,578.300592722899,,,56.4778811678997,117600.0,84.0,,
2007,"Estonia","EST",21.405,2.77369381339572,,3.17500310761904,,74.3861039832352,,1.64,2.68659970177161E9,2.09586754385965E10,6.33292120559715,12840.0,18830.0,1.72333549178005E10,2.52657301856895E10,37.8936997575429,11.8405073452303,96.0,85.2726480555513,,30.378003398757,9.58890350494548,63.6976846800112,72.909756097561,,28.8057802969838,127.368427543089,2.20107320629694,147.714866226619,5.6,,,-0.139653436441175,1341672.0,1.3,100.340975043529,100.733589513514,9474.74494511326,32.6826097638251,,66.8483027878473,45230.0,7.0,,4.26E8
2007,"Ethiopia","ETH",104.397,46.2921265326549,,,,12.8278993707442,2.633852E9,5.381,2.2259E8,1.93947283523382E10,11.10239099635,220.0,780.0,1.75676857870844E10,6.16519918958202E10,24.9529754887478,2.52261709262062,65.0,32.2491074962662,,13.3843105785143,16.8371211382719,0.370011858689343,54.98,,,36.2634622781509,1.90321287842665,1.53662746117647,118.6,110.178931667048,2.42248E9,2.59998064963343,7.8646128E7,2.1,46.2778453122265,82.6235189255588,1551.25246598281,,12.8,40.3235628888308,1104300.0,16.0,4.13681265881532,3.5782E8
2007,"Faeroe Islands","FRO",,,,,,,,,,,,,,,,,,,,,,,77.5113683340223,,,,,,107.83174865647,,,,0.272176596303227,48380.0,,,,,,,,1400.0,,,
2007,"Fiji","FJI",31.549,,,,,,3.86967E8,2.753,2.68938628158845E8,3.35073660851877E9,-6.59999999999999,3690.0,4210.0,3.07809968219969E9,3.5100818649479E9,15.233907908534,4.93393931814577,81.0,,,,6.14085337800651,10.9555807536577,68.7748780487805,,15.5841334879633,76.2580777165161,1.39627292628636,63.5337381544281,17.86,95.8743554238486,5.748E7,0.531499495186231,834278.0,0.1,90.0327510917031,104.074395328133,34221.2068399263,,,,18270.0,46.0,,1.6549E8
2007,"Finland","FIN",11.388,3.1889725917615,,5.5337073937536,,44.8134079962407,,1.83,1.15684451188547E10,2.44660845286324E11,4.39964094957379,44310.0,34760.0,2.34325170681095E11,1.83862224359337E11,22.2556626519504,21.4488259997751,98.0,40.145670987195,,32.2551690976118,2.5051841532599,78.8233636872438,79.259512195122,,150.889753220743,70.2397780727384,1.23238550226842,114.961654237698,3.5,,,0.425429832100609,5288720.0,0.1,97.9409684071103,102.225983886397,20231.7384924897,38.9026566494554,,64.5558583106267,338150.0,14.0,,7.7193E8
2007,"France","FRA",6.885,2.20206944380121,,-2.29611283760556,,26.5242042308025,,1.96,1.5946274661588E11,2.58984109821526E12,2.17284161492333,38790.0,33850.0,2.46675766128967E12,2.0888215003284E12,22.1258491582602,18.8559533724866,87.0,28.4479544497888,,20.5696825922649,2.46414382302052,51.1626933133369,80.9658536585366,,107.003351755299,45.2669850496965,2.33971192366302,89.7111112321129,4.3,101.381283909151,,0.576144979932688,6.1707072E7,0.4,,99.94528970432,2892.69923551064,41.8398497231987,,77.2282479639339,551500.0,7.0,,1.374541E10
2007,"French Polynesia","PYF",52.194,,,,,,,2.262,5.82494116366849E7,,,,,,,,2.23233661900702,,,,,,28.5584936955358,74.1775609756098,,,,,66.5782259624446,,86.4427726064555,,1.29226299960316,262618.892997581,,,,38077.9915940477,,,,4000.0,,,6.66016E8
2007,"Gabon","GAB",89.914,4.84751438675849,,,,64.7230987219223,5.746311E9,3.35,2.69324270257148E8,1.15675938464363E10,5.55335388659583,6450.0,12320.0,9.17517742831642E9,1.75144215730948E10,26.1767062353303,,55.0,35.9071117636318,,60.2441800791892,5.22463923812566,5.76700457562583,60.3017073170732,,,72.6166574614635,1.06422009081585,82.2149798647145,91.0,182.788118832808,4.838E7,1.86476009449167,1421882.0,5.9,,,115340.091512517,,,34.9083055340524,267670.0,58.0,,1.103E7
2007,"Gambia, The","GMB",88.132,28.7084689730838,,,,33.3,7.33097E8,5.098,6.845E7,6.43509547738693E8,6.30500000000001,330.0,1200.0,5.40908797306261E8,1.93914030194672E9,23.2,2.06163099856165,85.0,49.8,,14.7933112322397,5.68504439454046,6.20503741852418,55.750243902439,,,51.8192777670188,0.705927920386324,49.5429307153778,108.6,82.5273373206273,7.235E7,2.80128146539877,1615510.0,0.9,71.5837913843794,100.281078338684,1856.99871867088,,,56.4982197946765,11300.0,32.0,12.4381574892337,4.7334E7
2007,"Georgia","GEO",44.651,10.9247656860268,,0.762414609671144,,31.5153486474983,2.29244E9,1.407,1.72827E9,1.01754661290398E10,12.4298079289328,2090.0,4680.0,9.17752876989744E9,2.05855972438643E10,34.606507732341,7.11962075833994,97.0,57.7416560370701,,24.0753707276142,9.64044508064042,8.18444547805231,70.8258536585366,,13.6504803061152,63.4565524381469,9.15368157907639,59.1033819209147,30.2,,3.8221E8,-0.778879123108261,4398587.55202644,0.1,91.7435773536281,98.292930989362,13215.6059899772,24.0313555594647,,64.9998635863589,69700.0,11.0,4.63110859654641,6.9549E8
2007,"Germany","DEU",7.732,0.91762127518509,,-0.350276425447644,,46.7043485436092,,1.39,5.15432992141293E10,3.31736559728457E12,2.48488513250418,38990.0,34740.0,3.20750124892296E12,2.85767990993272E12,18.3166927964353,14.2179777418477,94.0,39.6971697334764,,30.09180816973,1.84444403665063,72.2897820847449,79.6853658536586,,63.4692070938295,71.6845495008612,1.28269659212806,118.090361279489,4.4,97.1722919287235,,-0.13130570814061,8.2268357E7,0.1,103.170731405015,98.5573967158311,1300.62157434358,28.4602689990923,,68.9905705550849,357050.0,18.0,,9.83944E9
2007,"Ghana","GHA",64.036,33.9603791888141,,-7.70288630234209,,33.7381462308858,4.479212E9,4.308,9.7038E8,1.49893617021277E10,6.0999994750558,600.0,1350.0,1.37632757610075E10,3.09612654852251E10,34.0545889136232,1.02758879058557,95.0,60.1771902702756,,26.0670085806703,13.841135485483,3.84767307161403,56.4931707317073,,15.8793953158268,81.8420440028389,0.837473385379702,33.2476249582112,115.2,143.272825289953,1.15093E9,2.11047419719965,2.2870966E7,1.9,,95.1819829184562,1324.82379624892,25.7457610361959,,39.9726122305156,238540.0,42.0,3.08057681916682,1.17364E8
2007,"Greece","GRC",8.889,3.58537099171715,,-3.70344972476367,,22.1818250114545,,1.38,1.95871455632603E9,3.13353635169167E11,4.00276621554529,25740.0,27830.0,2.88090719287698E11,3.11522287531605E11,25.6856667017546,8.16654591669978,88.0,35.3850010941316,,23.0726423178762,2.87526690584036,32.8630637111303,79.690243902439,,84.5504058276937,31.8688557661342,3.27409590008591,109.841061214294,4.1,93.3450087565672,,0.401990960561374,1.1193366E7,0.2,101.458358668301,97.0862806197988,5181.64062534898,38.9170150343723,,73.3419866904067,131960.0,38.0,,2.483721E9
2007,"Greenland","GRL",,,,,,,,,,,,,,,,,11.4975005889104,,,,,,91.6188560554661,,,,,,116.990231578518,,,,-0.030167251016267,56756.8754280442,,,,1.06242635002781E7,,,,410450.0,,,
2007,"Grenada","GRD",42.403,,99.0,,,,5.24861E8,2.302,1.395E8,6.07844433709525E8,14.6534596525636,5350.0,7730.0,5.65189973743662E8,8.16524819776249E8,,,98.0,,,,4.95868132853801,21.7662868607336,68.6239024390244,,,62.8761024704291,,,19.0,98.1596086840649,2.268E7,0.0672141648384723,105668.0,,81.1299000768639,96.9927349832714,,,,,340.0,20.0,7.76260181116229,5.5416E7
2007,"Guam","GUM",51.542,,,,,,,2.539,,,,,,,,,,,,,,,46.1808503551739,75.5378048780488,,,,,,,,,1.27750826375336,173231.976857778,,,,,,,,540.0,,,
2007,"Guatemala","GTM",107.2,10.5796589736736,,,,25.2834418491369,6.259949E9,4.152,7.235E8,3.40309073265493E10,6.26872246946775,2470.0,4550.0,3.29540580857995E10,6.06878388662328E10,20.4667494353374,3.4798892823415,93.0,41.843890423675,,27.5037203777131,6.91338192611848,,70.1641463414634,,,60.162213142132,0.414736908214854,89.1321948325901,39.0,88.7481371087929,4.4985E8,2.42383804221031,1.33482217310437E7,0.8,77.0754883502,93.065732825244,8180.86500211752,,,61.9166206486133,108890.0,26.0,5.15483822386282,4.253941E9
2007,"Guinea","GIN",152.312,16.734395980835,,,,37.244686126709,3.267682E9,5.451,1.11E8,4.563586048E9,1.50908756256104,390.0,1100.0,3.721974016E9,1.05335772111744E10,12.6176176071167,,71.0,39.483699798584,,45.1558532714844,17.3829898834229,0.780025279059244,57.5558536585366,,,51.385028688737,,20.8006741082465,150.3,173.147790365222,2.2439E8,2.13591439643408,9615073.0,1.6,64.2009642808035,76.1458039785505,23504.7617423185,,,38.1097526550293,245860.0,41.0,13.1421147763217,1.5072E8
2007,"Guinea-Bissau","GNB",129.169,53.1400777691567,,,,27.9540481400438,7.4409E8,5.727,7000000.0,3.81964356499196E8,0.599999999999994,220.0,510.0,3.40055919762862E8,7.9068418519487E8,24.3092757111597,,76.0,44.5842450765864,,13.1007394274616,9.59574279294077,2.20630223745003,47.6219512195122,,,57.8588018069338,,19.2222784612989,198.0,,1.2322E8,2.23996346650883,1541040.0,1.8,,,10382.5987644707,,,33.7591828033817,36120.0,233.0,,2.9E7
2007,"Guyana","GUY",62.691,,,,,,7.34478E8,2.334,1.524E8,1.07885940986858E9,-2.12903225806451,1170.0,2330.0,8.93899753043696E8,1.78171102748243E9,,,96.0,,,,21.4006056248733,24.8658552545478,66.9187804878049,,24.3199086183028,161.091796030374,,,60.2,91.636017956031,1.2402E8,-0.0226384528827564,764100.0,2.5,115.951438031552,95.9747087457679,315403.74296558,,,,214970.0,44.0,2.42351513755984,2.78496E8
2007,"Haiti","HTI",46.4,,,,,11.0108310541391,1.597937E9,3.75,7.45E7,6.71520034725048E9,3.44063001758543,520.0,1060.0,5.03924625391107E9,1.01477426300566E10,25.712542772766,,58.0,34.4173813977352,,,19.3762787854099,10.4041448720429,60.879512195122,,,35.3448873788526,,26.0103621801073,76.0,83.9339339339339,7.0132E8,1.73801532325251,9611553.9748693,2.2,,,1353.57924785278,,,,27750.0,202.0,4.67210625417586,1.22209E9
2007,"Honduras","HND",93.1,13.384140866132,,-1.0646784755362,,51.4897704204842,3.259828E9,3.308,8.1592E8,1.22342166140834E10,6.30038778578619,1590.0,3610.0,1.1310437154895E10,2.56463473833703E10,33.4788492268421,1.20494149069458,89.0,78.4044344054145,,28.0641907727885,7.00228229266466,5.97090093075112,70.2070731707317,,,115.663270043058,0.686375575755744,58.9099142437735,23.9,80.8388157894737,4.642E8,1.92009955935395,7103785.59147592,0.7,,106.325601219197,13503.9267112888,22.1362639024459,,58.5516683610795,112090.0,21.0,3.6890616142131,2.624692E9
2007,"Hong Kong, China","HKG",5.712,0.0577735059093582,,,,207.967904540646,,0.966,5.43651303145894E10,2.07068929788393E11,6.38046651358113,31570.0,43960.0,2.18663430473983E11,3.04485511600427E11,20.9349702958529,19.3284340470596,,197.14627241894,,7.69833580027279,2.92695061130925,57.1968985980161,82.2756097560976,,561.439034953686,347.477528731754,,155.237904099106,,96.7808332926293,,0.998339569469708,6925900.0,,,,,,,92.2438906938178,1092.0,11.0,,3.1687E8
2007,"Hungary","HUN",20.172,3.96164141486912,,-4.92664565754185,,80.3638703494057,,1.32,3.72309511476652E10,1.38757191934686E11,1.2,11670.0,17470.0,1.17317882887795E11,1.75644405076483E11,22.5016832221946,25.2213415149418,99.0,78.7728402605948,,29.7282791529192,5.89692031658689,51.864857823063,73.0885365853659,,34.3413839207915,137.857240841282,1.28026929985217,109.687463329548,6.8,95.4520217326269,,-0.154915158060948,1.005578E7,0.1,92.2461321190284,99.2446472050143,596.671764895413,37.9836813300782,,66.3100794322117,93030.0,16.0,,2.53044E9
2007,"Iceland","ISL",15.064,,,4.90181658344138,,35.3095414855046,,2.451,3.03793107287758E9,1.99628542004744E10,3.84471257316143,57750.0,34070.0,1.79607508260728E10,1.05960062857542E10,27.7137884196041,57.1229965427582,95.0,45.9553202122842,,,5.50900417014503,65.0395341434162,81.1907317073171,,203.152531431248,57.5423929095622,,105.351177021,2.5,,,2.34729269303605,310997.0,0.2,96.7783505154639,103.085564048315,546629.06716142,35.5498076136879,,,103000.0,5.0,,4.125E7
2007,"India","IND",68.141,18.111931517844,,-1.4076512681543,,21.159355548969,2.20956472E11,2.68,2.295E10,1.176890254664E12,9.06039655400642,950.0,2740.0,1.07110839774933E12,3.08256971675498E12,38.7294321886776,5.31753405050223,67.0,24.7234195706483,,29.5053197349066,4.88767741428384,7.20136347673374,64.7458536585366,,154.568413901886,30.9113784023867,2.46856078248719,20.7701547584511,71.8,99.2722805783067,1.29822E9,1.34038183992227,1.12478699709709E9,0.3,,,1120.69218727925,13.5984248634458,,52.3827487472494,3287260.0,33.0,,3.8666E10
2007,"Indonesia","IDN",39.829,13.7135610183562,79.4,,61.4,29.4474329437964,1.40782583E11,2.182,6.92823E9,4.31933347453043E11,6.27813457517557,1650.0,3560.0,3.71701369059057E11,8.02792344871838E11,24.9450802301198,10.8324377888215,80.0,25.4036379262523,,46.8333800333394,11.2843103829193,11.0800836520937,70.6114634146342,,49.0105640715815,48.8020751912229,1.22190612291013,41.3893776963215,31.2,104.880740558127,7.9557E8,1.15383358216234,2.25630065484893E8,0.2,104.814670653093,97.5812864730742,12578.1109618568,,,39.4530589483044,1904570.0,105.0,10.4645990907428,6.17402E9
2007,"Iran, Islamic Rep.","IRN",18.337,10.2166925830777,,10.597714519142,,32.1789541754948,2.0577152E10,2.04,7.54497E8,2.86057933325518E11,7.82478831862593,3540.0,10840.0,2.51486382371896E11,7.697235589583E11,33.1589699133598,,97.0,21.5382245121594,,44.4749355457142,20.4623349579848,18.3044351448631,70.9504878048781,,15.9316729902189,46.7300446612278,2.87323985762489,41.9171564817364,32.8,160.206612666901,1.0187E8,1.30831363823314,7.10210388745501E7,0.2,105.480949719551,,1809.32301239608,37.1717834866439,,45.3083718712081,1745150.0,28.0,,1.115E9
2007,"Iraq","IRQ",85.541,,,,,,,4.107,,,,,,,,,0.0468780943198801,69.0,,,,,,67.469512195122,,,,,,44.3,,9.11471E9,,,,,,,,,,438320.0,77.0,,3.889E8
2007,"Ireland","IRL",15.946,,,0.414110324914143,,,,1.9,2.60848331700655E10,2.59018237174393E11,6.0,47610.0,37700.0,2.07894990827507E11,1.64606287659704E11,,28.0705310460681,87.0,,,,2.1933387489846,56.1476325027318,79.3926829268293,,55.6046394922492,79.3022789749366,0.529989352926995,114.120562238087,4.2,91.3152344265309,,2.4440863153601,4366193.0,0.2,96.5665707847053,102.632945321049,11222.5913971279,33.3073156277528,,,70270.0,13.0,,5.7993E8
2007,"Isle of Man","IMY",,,,,,,,,,,,,,,,,,,,,,,,,,,,,,,,,0.127943175909991,80556.0,,,,,,,,570.0,,,
2007,"Israel","ISR",14.305,,,0.293429460531629,,43.166080718341,,2.9,9.6642E9,1.63957060441567E11,5.36889802163336,22170.0,26310.0,1.5918922438478E11,1.88904327062185E11,20.110399790959,7.54488923112854,97.0,44.8571157089579,,,-0.240915509324608,27.8547652539658,80.6048780487805,,144.160031512786,69.0001392409198,8.55746846568639,123.981560145402,5.0,91.7215502174404,,1.7761008691798,7180100.0,0.1,102.19403584646,100.882688983704,104.455369702372,40.22791113381,,,22070.0,34.0,,1.0415E9
2007,"Italy","ITA",4.895,2.03564806047148,,-1.75332410661419,,29.1943670124212,,1.34,4.00401057355438E10,2.10163746852075E12,1.45670507178623,33490.0,30190.0,1.98837517975656E12,1.79259776921353E12,21.4885456611887,6.69078193854547,87.0,29.5007737992436,,27.0299294360379,2.26436451256535,53.8950082460205,81.3129268292683,,51.0407489718463,47.4383215365746,1.79558935733635,151.244551109403,3.7,98.0226483528945,,0.732281692314131,5.9374701E7,0.4,101.86102657333,98.8155758615574,3073.69968903086,37.8628917871519,,70.9344225034906,301340.0,13.0,,3.164977E9
2007,"Jamaica","JAM",77.328,5.31713658037959,,-25.253057950559,,,1.0085048E10,2.429,8.6649E8,1.30700301899008E10,1.42875028508817,4420.0,7170.0,1.18242471767231E10,1.91809421024062E10,,2.33821667377484,76.0,,,25.3383807270754,11.2062072933995,56.058001345392,72.5258536585366,,94.3741507921769,66.0160755150139,0.649924164265914,100.318820539652,31.1,101.569860326428,2.604E7,0.475754329713557,2675800.0,1.6,90.9461496300356,102.871468113817,3514.46296434711,56.3477801794052,,69.344482692545,10990.0,8.0,17.3068587459348,2.143581E9
2007,"Japan","JPN",4.731,,,,,,,1.34,2.21800670841053E10,4.38425229104016E12,2.09999999999999,37800.0,34750.0,4.82928108610144E12,4.44020615051985E12,,18.9440709981727,98.0,,,,-0.647948164146868,68.9594449433849,82.5070731707317,,101.578892210607,30.4857084691835,0.930564638571934,84.0090552806491,3.5,86.0479957816882,,0.011544779571133,1.2777075E8,,,100.293001731965,3365.40248844121,,,,377910.0,23.0,,1.57738E9
2007,"Jordan","JOR",24.539,3.18272120625541,99.1,-4.85090268177084,57.1,55.4245064410701,8.367733E9,3.6,1.8354E9,1.65324821883585E10,6.58118339830844,2960.0,5300.0,1.69447657210077E10,3.03272641449953E10,26.231097701743,1.11599311621385,95.0,95.1189841015403,,29.418776425042,4.53208504107879,19.7017933045573,72.590243902439,,249.305697295854,117.416548699923,6.24491868282845,83.4369985591333,24.4,92.3722548380083,5.0446E8,3.22074241852127,5718855.04320754,,101.759979594439,102.2187860716,119.254640106682,30.952444635478,,67.3985023687026,88780.0,14.0,5.65046644564302,3.434134E9
2007,"Kazakhstan","KAZ",30.677,6.096588919775,,1.16976109889388,,49.4349504746924,9.6133405E10,2.36,1.018863E10,1.04853480212158E11,8.89999999999999,4970.0,9510.0,7.69389288837394E10,1.47211882645852E11,35.6177741059507,23.2453652984064,99.0,42.601353764893,,40.639209254423,15.5270972952559,12.2746670799912,66.4132313498747,,39.4622123331316,76.7842896936714,1.29963172950477,79.5822580436832,31.6,,2.0247E8,1.14380491168841,1.54842E7,0.1,100.683364629816,99.1678809784342,4870.7714961057,15.9050155916896,,53.264201825802,2724900.0,21.0,49.5895509126862,2.23E8
2007,"Kenya","KEN",103.544,26.0832573382552,,-3.01191278921323,,26.1295691145774,7.35464E9,4.959,7.2773E8,2.695031046674E10,6.96089869502168,660.0,1550.0,2.48336649374775E10,5.81061969504859E10,20.1777492626393,5.41122159449756,80.0,37.3427980075414,,17.8956245547894,4.65463301616703,7.99345055904438,54.0636585365854,,49.6713758326485,48.4968884352189,1.83553342692619,30.240321232075,121.2,83.7821269051723,1.27524E9,2.63832811239626,3.75307256589656E7,,,95.1774427810522,551.548088574062,18.9353656157038,,56.0211181069553,580370.0,44.0,6.04098698574078,1.588E9
2007,"Kiribati","KIR",,,,,,,,,,1.36567834681042E8,-0.499999999999986,1800.0,3410.0,1.70741454389299E8,3.2399748525534E8,,,93.0,,,,7.58015429258971,2.10377943976354,,,,58.5249141473684,,0.788917289911326,63.0,,2.705E7,1.60537855587128,95067.0,,,,,,,,810.0,21.0,,7000000.0
2007,"Korea, Dem. Rep.","PRK",0.0,,,,,,,1.85,,,,,,,,,,99.0,,,,,0.0,67.1087804878049,,,,,0.0,55.0,,9.812E7,0.316923294593312,2.37828019278148E7,,,,2817.1617542524,,,,120540.0,,,
2007,"Korea, Rep.","KOR",5.472,2.88172367515564,,4.25845604109894,,41.9229487196581,,1.26,1.5788E9,1.04923595118697E12,5.10582397211579,21210.0,26880.0,1.02755893534777E12,1.30261908010602E12,29.4270537931289,33.4669853890823,92.0,40.4124047576802,,37.1231003838671,2.08035323642119,75.9344560013208,78.9692682926829,,107.090548958875,69.4157495438522,2.43483933034739,89.767087667162,4.84,71.963558365657,,0.328672275037912,4.8456E7,0.1,102.364326051764,95.6871408387198,1338.32755489516,24.5768825646427,,59.9951759409773,99260.0,17.0,,1.1277E9
2007,"Kuwait","KWT",13.191,,,16.3405674888404,,65.4439239501953,,2.184,1.18741529085702E8,1.12116195328E11,,,,,,19.6790294647217,,99.0,30.0869941711426,,,,33.7969012015466,77.8982926829269,,167.724073627245,74.4750678255909,3.90377193708026,104.157843666573,11.1,194.298638099521,,2.41431578813881,2662966.03535597,,98.158575191513,99.8970926331509,,48.3213475655003,,,17820.0,35.0,,
2007,"Kyrgyz Republic","KGZ",32.281,33.5702536670086,,-1.53928074109799,,44.684986125164,2.401111E9,2.7,2.0792E8,3.74462486602358E9,8.21132846104705,610.0,1980.0,3.19963879165333E9,1.03519708640504E10,25.9772134978755,2.44264407172981,99.0,89.8858957533986,,18.9323518771922,13.4839854934768,14.3271949262627,67.6951219512195,,3.23129830968863,94.8559636034216,3.10269668420759,41.4214296630244,38.4,,2.7374E8,0.819039958226238,5234800.0,0.1,94.7239496709813,100.455436695755,8873.3093909987,21.0417986767743,,47.4973944557993,199900.0,21.0,6.74896667067716,7.14779E8
2007,"Lao PDR","LAO",37.416,39.8959542422127,,-2.89319651688936,,35.7309883525849,3.337105E9,3.543,3.235E8,4.2999090448861E9,7.85899999999999,610.0,1920.0,3.73043660988351E9,1.16758952120272E10,38.0241404955046,,40.0,50.9685199645438,,30.7486308114827,5.37809502962139,1.64140759236365,64.7507317073171,,,46.2693507986214,0.340469642950788,24.2667175721875,70.2,113.989218957708,3.9637E8,1.8033439438902,6092332.0,0.2,76.9254999775002,85.9518589689214,31255.6833737886,12.9888444071771,,29.3554149463046,236800.0,100.0,18.8999598232222,1000000.0
2007,"Latvia","LVA",15.206,3.27628719948629,,0.808189324690965,,41.9292417404719,3.934241E10,1.42,2.2472E9,2.87658622031919E10,9.97759744100901,10090.0,16770.0,2.29710752870884E10,3.81661851085451E10,35.142998261152,7.41868588724734,97.0,61.0606296389015,,22.0486153459716,20.2951181197157,55.0228021615922,71.2170731707317,,10.8163974993065,82.2932931847712,1.69825235624057,97.4038047537454,8.6,,,-0.5191893956554,2276100.0,0.8,89.5430373194033,99.7903189727985,7354.68564650059,26.5752812941901,,74.6750974545421,64590.0,16.0,73.2635632278353,5.519E8
2007,"Lebanon","LBN",16.199,6.41244580748208,,-11.2912743447289,,24.9308196475987,2.4634377E10,2.209,2.84456E9,2.47313176833181E10,7.50000000000001,6190.0,10910.0,2.53652086524847E10,4.47037368311755E10,17.664921409121,,53.0,49.0982568585858,,23.9920255022705,3.92906391282844,38.3200134665744,71.9673170731707,,43.9038879328456,63.9876944796774,5.12841676169519,30.7536413808176,29.4,98.7863004080753,9.394E8,1.02485866625349,4097075.80444739,0.1,81.526002783753,103.280146563463,1171.56729069782,21.1723601446295,,69.5955286902474,10400.0,46.0,18.6969891723178,5.7692E9
2007,"Lesotho","LSO",73.464,7.39212791150323,,8.79686287531974,,52.7175454694586,6.80166E8,3.373,1.3034E8,1.66956419545999E9,5.06424659600613,1040.0,1880.0,2.0765581424795E9,3.77011714751428E9,26.5267824915343,,85.0,102.608639471754,,36.0560787539561,9.16086610990079,3.4898346080435,42.5573170731707,,,151.835910646226,2.38584989065917,22.7337797323977,83.5,78.9453721923199,1.2951E8,0.546789579432477,2005825.71559871,23.2,,,2607.40500000964,60.2566574374726,,56.5517933345406,30350.0,73.0,6.99544498226257,4.43283E8
2007,"Liberia","LBR",141.572,53.9719439150558,46.3,,11.4,33.2698066975225,2.475319E9,5.145,1.3164E8,7.34933279196919E8,9.40000420971776,150.0,280.0,5.30632081110549E8,1.02402713325187E9,20.0,,95.0,83.7734821671658,6.44,18.5697250204193,15.9617188557888,0.551376580555429,58.0365853658537,20.4,,95.4780549285734,0.490773240999863,15.5212507426353,132.8,,6.9617E8,4.40359356590871,3627285.0,1.7,,,55137.6580555429,,,27.4583310645249,111370.0,68.0,111.610357889708,6.4557E7
2007,"Libya","LBY",3.16,,,,,,,2.724,4.689E9,5.83333333333333E10,6.80000000000001,9010.0,14710.0,5.5476651374727E10,9.05503650452967E10,,,98.0,,,,5.39084949326359,4.73159408417491,74.2219512195122,,,93.8057142857143,1.09795918367347,73.0936264290666,17.8,172.008029155027,1.902E7,1.9327091732012,6156487.53502059,,,,97.4581685720888,,,,1759540.0,,,1.6E7
2007,"Liechtenstein","LIE",,,,,,,,,,,,,,,,,,,,,,,65.2167748887062,,,,,,90.7732441092239,2.5,,,0.654303654272447,35267.0,,113.936430317848,91.8623357900839,,,,,160.0,,,
2007,"Lithuania","LTU",21.891,4.4060315456,,-0.882322671891924,,54.3840503287694,,1.35,2.01703665555058E9,3.88937679579907E10,8.92464324971196,9910.0,17090.0,3.34368563488237E10,5.76898169690808E10,30.5179302354729,11.0557722330705,97.0,67.7992473917017,,32.7996860229,8.82322299306664,49.2078487553983,70.8846341463415,,26.0561538057871,107.024582434287,1.54475247787061,145.516376556826,8.2,,,-0.545490813022069,3375618.0,0.1,94.8224417922129,99.7191976358415,4609.52631488513,28.8432595907629,,62.7942824315,65300.0,26.0,,1.43264E9
2007,"Luxembourg","LUX",12.284,0.390540114529867,,3.22060192166613,,172.500083016947,,1.61,1.88118995247916E11,4.94596518121099E10,4.45642593854707,79060.0,65050.0,3.79481314268172E10,3.12212892331277E10,19.112991598685,8.85122816876834,96.0,141.942928616495,,14.3847921965433,2.19143056769202,75.8165223242839,79.1756097560976,,335.833900794527,101.047070043795,0.741618055632423,142.606246341092,2.8,,,1.54438684650549,479993.0,0.2,84.0780688238315,102.039349884322,2083.36371572085,38.4011857898389,,85.2246676889268,2590.0,26.0,,1.56515E9
2007,"Macao, China","MAC",5.184,,,16.2370819741216,,88.3206228430193,,0.953,4.37216224490227E9,1.85986137209273E10,25.2671427290324,35360.0,52260.0,1.81418272690528E10,2.68109458294106E10,36.7700054731608,,,54.6403437519655,,17.6900765902,4.92608491799594,46.3868900513764,80.6229268292683,,,42.5205938392149,,154.81585574067,,91.0871905163478,,2.59878987175692,513076.0,,102.617283950617,96.810373415442,,28.7239027618653,,82.3099234098,28.2,,,3.9872E8
2007,"Macedonia, FYR","MKD",21.686,11.9589361217222,,,,53.1623927281943,3.75987E9,1.426,3.19688469803584E8,7.92666429423792E9,5.86108612759266,3410.0,9050.0,6.94542868647287E9,1.84418919140047E10,22.4202907017602,0.826746320434476,96.0,72.2427826222427,,29.530139702906,7.65147274928279,27.29643355927,74.1319512195122,,34.2551027671729,108.29271533853,2.05237102194361,95.5663093512982,16.6,,2.1345E8,0.0321933529889004,2037031.68325141,0.1,93.7900812312954,98.2685208472491,2650.91605810509,,,58.5109241753719,25710.0,15.0,,3.4501E8
2007,"Madagascar","MDG",132.773,26.1710302428392,,-2.66286111978866,,30.3970321085135,1.661265E9,4.776,9.96883571512428E8,7.34708031962637E9,6.24061271984328,340.0,980.0,6.3565998714501E9,1.82096261780697E10,27.4659138049886,1.06944521394545,81.0,46.7989668293203,,17.4497987933801,9.68218751578075,0.650385003734339,60.1107317073171,,,52.7134038218457,1.11853792856799,11.9198478421596,111.8,74.8414232951692,8.9202E8,2.71838402369752,1.8604365E7,0.1,61.5150216264661,96.4732641225778,18114.0286164027,11.8833469531063,,56.3791709637807,587040.0,7.0,,1.1E7
2007,"Malawi","MWI",135.239,34.3077322975346,,,,23.5547722980126,8.70042E8,5.593,5.46373333333333E7,3.58585797239587E9,8.60000000000018,250.0,760.0,3.5474496152716E9,1.05913698667131E10,25.836748505879,2.13184270490861,83.0,44.5264419020461,,20.3718621667375,7.39343682504688,1.0019064648104,48.2607317073171,,,58.2244198200918,1.1602675609275,7.54919057231826,110.5,84.5898167519989,7.3471E8,2.54170863102361,1.39200618918446E7,11.9,55.3630086735568,99.7964441189014,1159.47760328968,,,45.3204055357279,118480.0,37.0,,1000000.0
2007,"Malaysia","MYS",12.797,10.2359689903157,,,,110.17229301557,5.3716733E10,2.597,8.45555E9,1.86718646485979E11,6.34711863836091,6420.0,13230.0,1.70489269935242E11,3.5121232906638E11,21.935487891516,51.6612517898198,90.0,89.9116635429125,,47.7164944598856,5.19744436840864,55.7173962284918,74.2875609756098,,174.413758951736,173.091190988399,2.12646292672591,87.9375671612753,11.2,100.095178785,1.9966E8,1.6550315633522,2.65495177472697E7,0.5,,,21845.9711969588,,,42.0475365497987,329740.0,24.0,4.63296230555521,1.803E9
2007,"Maldives","MDV",13.41,,,-8.77195582894834,,,5.62345E8,2.631,1.498E7,1.054140625E9,7.30478589420656,3220.0,4970.0,9.84391285698446E8,1.51662894733846E9,,,97.0,,,,7.31810566966419,16.2769229927668,68.4970731707317,,,125.627451271029,,102.685113847668,30.2,94.4916976289619,3.737E7,1.66714471305566,305340.266228979,,,,98.2510442219323,49.1899503446231,,,300.0,9.0,5.08899915208799,2982000.0
2007,"Mali","MLI",162.9,36.5410468622574,,-5.62828126093845,,27.315661182206,2.018146E9,6.516,3.6E8,6.84791453669122E9,2.79997025747487,560.0,1180.0,6.94101994686194E9,1.4524416934189E10,23.3326020719074,7.27582954899636,68.0,37.1267519804997,,24.1874806772675,4.08451178172244,0.810755940419018,54.3107317073171,,,54.160240758379,2.30347349177331,20.5193491280303,195.6,132.262273981984,1.01722E9,3.01054618983658,1.23341680294464E7,1.5,52.1767826611687,75.9572709295605,4864.53564251411,16.2435049893967,,,1240190.0,25.0,,3.4392E8
2007,"Malta","MLT",11.466,,,-1.77455983401506,,87.7416305541992,,1.3,9.31641396266871E8,7.44854528E9,3.78999996185303,16680.0,22460.0,6.825206784E9,9.1918547828794E9,21.5610980987549,52.4716526706999,79.0,89.9335556030273,,,2.48625016212463,44.7124490159996,79.569512195122,,75.630137003074,105.439875502777,1.54323438039351,90.7948983008184,5.3,,,0.683912156240328,409197.0,0.1,,,123.412439485138,39.2184446958106,,,320.0,,,4.3351E7
2007,"Marshall Islands","MHL",,,,,,,,,,1.49219E8,1.96966880441182,3190.0,,1.86121502185044E8,,,,94.0,,,,1.69965640952799,3.77257119689035,,,,78.4082455987508,,1.28610381712171,54.0,,5.212E7,2.25855670274906,58315.6655019105,,90.695915279879,98.8894363352212,,,,,180.0,17.0,,
2007,"Mauritania","MRT",90.003,12.5404331247782,,,,57.6565198842799,1.704384E9,4.37,1.5287626041839E8,2.64378487477027E9,1.89999999999999,840.0,2000.0,2.63620430188198E9,6.256191820783E9,25.9339707192738,,67.0,64.8554913120299,,46.7427258119981,-2.55723059182232,1.44185434788066,64.1307317073171,,,111.582452420844,,45.3052103713282,118.5,153.599441156129,3.6377E8,2.50935310213467,3120980.98300597,0.8,59.4389524210984,102.588769396889,128.164830922725,,,40.7168410632237,1030700.0,65.0,,2000000.0
2007,"Mauritius","MUS",39.321,5.26665025095362,,-2.26587618287538,,61.8064307377694,4.252515E9,1.66,3.38907846560965E8,6.78649355472679E9,4.67546902123131,5610.0,11410.0,7.06742420444792E9,1.43806913122761E10,26.763858674224,8.09890357934068,98.0,71.064664851409,,27.8114542395718,7.00898576480908,26.9693152649497,72.4321951219512,,83.4821392566412,90.371320160296,0.168737886215939,73.6597043528475,15.1,86.4413771796712,7.457E7,0.61304757936328,1260692.0,1.7,93.5294683203538,,2182.13489099637,20.9325276479307,,66.9218955094746,2040.0,7.0,4.86957685676883,2.15E8
2007,"Mayotte","MYT",43.714,,,,,,,,,,,,,,,,,,,,,,,,,,,,,,,4.0724E8,2.60840656332478,186000.0,,,,,,,,374.0,,,
2007,"Mexico","MEX",64.8,3.73321911127928,,,,28.3098647040851,1.78107718E11,2.1339003638,2.46864E10,1.02281528405641E12,3.20292407558784,9400.0,13910.0,9.8952147635845E11,1.46441682463667E12,25.966012232993,17.0881976290622,96.0,29.9282285977208,,35.9398110355441,4.72610132625546,20.9954291278949,74.9064048858537,,38.8852851731599,55.4374014388241,0.412881925006731,63.2210658695416,34.72,104.594820384294,1.2109E8,1.01112562776032,1.05280515417673E8,0.3,104.914522871724,99.205624712445,3884.85940040661,,,60.3269698531766,1964380.0,27.0,12.5369809293729,2.71364E10
2007,"Micronesia, Fed. Sts.","FSM",25.426,,,,,,,3.705,,2.381E8,-3.60448124695567,2280.0,3000.0,2.52676187017786E8,3.32518296962121E8,,,92.0,,,,3.65219615021937,13.5182460344574,68.5053658536585,,,65.9386812263755,,24.7257732134248,40.2,80.5982335804429,1.1488E8,0.31062717415328,110961.140681755,,,,,,,,700.0,16.0,,
2007,"Moldova","MDA",33.81,11.9706748675236,,-0.336892092957288,,45.5877764768128,3.203032E9,1.5,4.9342E8,4.40249592129332E9,2.98786914937443,1130.0,2900.0,4.13763975213924E9,1.06231285092469E10,38.1212138124785,5.09666488800436,96.0,97.7400110511836,,14.817043275825,15.9204866456481,19.086732566792,68.3475609756098,,,114.298799816304,0.516567875867841,51.3386752553328,18.2,,2.6915E8,-1.12195378962179,3667469.0,0.4,92.9134699634561,101.683380980458,272.667608097028,34.2480758454901,,73.2122818566514,33840.0,23.0,9.46938569736079,1.4982E9
2007,"Monaco","MCO",,,,,,,,,,,,,,,,,,99.0,,,,,,,,,,,,4.1,,,0.306278953054573,32700.0,,,,,,,,1.95,,,
2007,"Mongolia","MNG",16.572,22.9606955213814,,7.68282511982495,,64.285662594254,1.596177E9,1.869,3.277E8,3.92978773100314E9,10.2228440152322,1290.0,3170.0,3.36097333029453E9,8.2712764937418E9,40.2378154106926,7.51255342414782,98.0,65.7320872143033,,41.4541854406404,12.3284110366222,12.2680012463133,66.8014634146341,,15.5784495729933,101.946982235026,1.43927390723825,35.1213706930001,43.3,160.269468256047,2.2792E8,0.914943476556064,2608411.86412632,0.1,110.381747746695,107.031453325152,13341.4513553657,40.5012376772561,,35.5851190379782,1566500.0,13.0,,1.94E8
2007,"Montenegro","MNE",14.724,9.27438204680571,,,,46.3264379818505,1.174024E9,1.636,8.7567304191679E8,3.84615384615385E9,10.7,5230.0,12560.0,3.245763249958E9,7.80058534739237E9,24.7729747580071,,90.0,84.9045017078292,,17.6654896129633,18.1251826789135,45.0928510116098,73.95,,96.174,94.692,1.41992882562278,,10.4,,1.0586E8,-0.0759847873810285,620941.0,,,,,,,73.060128340231,14026.0,24.0,,
2007,"Morocco","MAR",18.865,13.730898002342,,2.52500409069134,,35.7997507202948,2.0254705E10,2.376,2.80664E9,7.51187744140625E10,2.71504454312014,2290.0,4050.0,7.06519363302951E10,1.25129613358019E11,32.530514013452,9.01520508153086,95.0,44.9283605228049,6.52,27.3144593348959,3.76949940905536,21.3864965614406,71.1453658536585,,100.500241902066,62.530713121175,3.20618551675163,64.9025084209186,34.4,98.4245641535655,1.0895E9,1.18664411378391,3.08605945861168E7,0.1,83.3773053603592,88.070980122156,939.709697396633,34.804191237815,,58.9546426627621,446550.0,12.0,11.428835426447,6.730472E9
2007,"Mozambique","MOZ",149.197,27.5550565975145,,,,37.5774725766791,3.104868E9,5.113,4.2736E8,8.01051755247056E9,7.02190493553468,340.0,730.0,7.26603007055913E9,1.55527748452317E10,18.6587318841949,,77.0,44.3204894068942,,25.7199214207607,7.40000000000001,0.935794992155297,42.0714634146341,,,74.9015274069216,0.855945364354933,15.4406173705624,168.472796153715,127.607273474881,1.77674E9,1.89291842841594,2.13722024243115E7,12.5,46.3229577149619,85.4457411739288,4693.01188565881,,,46.7250219817249,799380.0,29.0,1.31820049505145,9.9386E7
2007,"Myanmar","MMR",18.397,,,,,,7.373023E9,2.067,4.27698E8,,,,1290.0,,6.30790564106144E10,,,81.0,,,,,0.081996070760644,62.0743902439024,,,,,0.556298242272051,103.0,122.750673958214,1.8958E8,0.830821823216061,4.87828253585036E7,0.7,,,18051.4349779558,,,,676580.0,,,1.25E8
2007,"Namibia","NAM",74.414,10.2880078867685,,,,47.869241908977,,3.6,1.69928495067446E8,8.71730496453901E9,4.05878087275519,4100.0,6070.0,8.53575943551591E9,1.262642586365E10,20.9430984265421,5.23822873526472,69.0,49.7469775615471,,35.9604957397366,9.33574345196824,4.85557481177929,52.7773170731707,17.5,8.05294758937143,73.8946266329303,2.61320923572579,38.4729787586397,67.6,139.326378908742,2.0507E8,1.62500415351946,2080083.28396014,15.3,77.0827322562031,103.78646435582,2961.419885204,,,53.7514963734948,824290.0,99.0,,1.6157E7
2007,"Nepal","NPL",101.386,33.5431300927227,,,,13.043376756782,3.644631E9,2.9588888889,5740000.0,1.02825758004557E10,3.34758776192513,350.0,1060.0,9.83665184380006E9,2.98371272459817E10,28.1291112887234,,81.0,31.2982539983356,,17.0847813549045,7.72659661675044,1.41426200816999,63.7124390243903,,47.745157393174,36.8783374281758,1.5899958526624,11.6299359953633,54.7,80.0265133506355,5.984E8,1.67264560962548,2.81075923487737E7,0.5,,96.5531339775996,7051.47554228874,11.8634592091494,,49.3720885523728,147180.0,31.0,4.48891452877605,1.733859E9
2007,"Netherlands","NLD",3.787,2.12314908951813,,0.338494147840089,,75.3019013934735,,1.71,1.23608690684379E11,7.65817639329903E11,3.48256421695336,45650.0,39470.0,7.47879713962902E11,6.46527041865457E11,19.7272030267882,25.7892785607257,96.0,67.3129748345507,,24.1611386811351,1.19450881229064,84.1932644846325,80.2324390243902,,124.895104434789,136.453208317893,1.49891785529822,117.726870851517,5.2,111.68581144246,,0.214109197877042,1.6381137E7,0.2,,97.8635973430955,671.504059821977,41.316481305079,,73.7157122293468,41530.0,10.0,,2.547824E9
2007,"Netherlands Antilles","ANT",31.743,,,,,,,1.85,2.31787709497207E8,,,,,,,,,,,,,,,74.9287804878049,,,,,,,128.553486454977,,1.31038300197464,191328.784822707,,,,,,,,800.0,,,3.2447E7
2007,"New Caledonia","NCL",26.422,,,,,,,2.2,6.59404436232585E8,,,,,,,,0.550638589633913,,,,,,35.0660066006601,75.9463414634146,,,,,72.7516501650165,,187.873292804637,,1.63918664014089,242400.0,,,,,,,,18580.0,,,5.85789E8
2007,"New Zealand","NZL",22.55,,,3.13924684546993,,,,2.2,2.75254778074045E9,1.35667446191359E11,3.0,27090.0,25380.0,1.14544212050357E11,1.07295563863635E11,,9.8040857168407,79.0,,,,4.94791666666667,69.1759335903318,80.1212195121951,,34.9781847688546,42.6198996540724,1.02982064192982,100.541754369368,5.8,118.13137755833,,1.03889011022843,4228300.0,0.1,,102.221920457711,77336.0452191188,36.8402811824312,,,267710.0,12.0,,6.4954E8
2007,"Nicaragua","NIC",112.7,19.3691035501325,,0.417150510916431,,33.209331383379,3.389708E9,2.755,3.817E8,5.72593495934959E9,3.90083783133043,990.0,2510.0,5.53425007356848E9,1.40726901753316E10,31.7706247899776,4.46256811570493,99.0,67.152356746984,,29.5674375746446,9.17200310040052,,72.890487804878,,,84.1452629169802,0.678697695551548,37.8754684596069,34.6,78.270509977827,8.3365E8,1.29717693838439,5604596.02569371,0.2,74.223304762784,102.54321218308,33854.3579466131,19.4794751215172,,51.0634588752229,130000.0,39.0,11.7193573464628,7.396E8
2007,"Niger","NER",157.368,,,-0.933385517568104,,,9.71698E8,6.9515,2.7E7,4.24570020468757E9,3.30000001246353,280.0,630.0,3.99799875787773E9,8.96734253705594E9,,14.4460785795176,47.0,,,,3.32847461580488,0.388866988864384,56.8917073170732,,,40.4880212244401,,6.34022264452801,175.5,313.895065499104,5.4159E8,3.28231002412827,1.41950851012583E7,0.8,39.6040600958634,71.4863576610772,246.564213953867,13.6383518926944,,,1267000.0,23.0,,7.8108E7
2007,"Nigeria","NGA",126.583,32.5899103789672,,,,40.1495934210973,8.933714E9,5.322,6.08673E9,1.65920866365374E11,6.4498281067652,970.0,1850.0,1.43292510503958E11,2.74276959762703E11,,,62.0,29.6478856898442,,39.3256343970094,4.80824995426966,6.75753564708175,46.8331707317073,,52.0409770582174,57.5876935150456,5.84454309953589E-4,27.2974788075683,188.8,168.384026835871,2.04233E9,2.22964883178329,1.47982941152793E8,3.1,,,1493.41537800507,,,28.0844552240234,923770.0,34.0,1.42340999032146,9.221E9
2007,"Northern Mariana Islands","MNP",,,,,,,,,,,,,,,,,,,,,,,,,,,,,,,,,2.04949910296549,83800.0,,,,,,,,460.0,,,
2007,"Norway","NOR",8.561,1.43724132057656,,18.0454040549782,,45.7983877945692,,1.9,3.78803655974764E9,3.88412405957316E11,3.65661514836464,77370.0,53650.0,3.64349962862676E11,2.52638312025289E11,23.0577527597368,17.6249519568345,92.0,30.1445433131423,,43.0382153589291,1.60582572383676,84.8004301410466,80.3960975609756,,92.0207257847675,55.7795527838544,1.51263397894461,110.244156433227,3.6,133.969346073886,,1.03473451527825,4709153.0,0.1,96.760289426593,99.316535484969,81118.6215440441,50.3088384048012,,55.5245433204944,323800.0,7.0,,6.12722E8
2007,"Oman","OMN",10.441,,,,,,,3.089,2.37633289986996E9,,,,,,,,0.455888345896714,97.0,,,,,9.06337928203819,75.7953658536585,,,,,91.6993391412027,12.0,180.823894356009,-3.13E7,2.08466739229256,2726301.0,,88.1539209219981,98.6472744352053,513.516299190735,,,,309500.0,35.0,,3.9012E7
2007,"Pakistan","PAK",45.691,20.5633884007473,38.8,-4.14939904610857,29.6,14.1120561627794,4.0679755E10,3.885,5.333E9,1.42893426376398E11,6.01454150204567,860.0,2540.0,1.40253640584361E11,4.12945520861133E11,22.8952169584265,1.37435121174831,80.0,21.2202496441965,,26.6023033417081,7.93779413778996,10.7704636560411,65.4836585365854,,49.1710723031589,35.2902868093931,3.54227197197364,38.7495137813154,90.4,65.5391904665047,2.21242E9,2.16464981162964,1.6248139874818E8,0.1,63.3314094739872,79.8479041253852,338.500286332721,14.3865077267957,,52.8343082575447,796100.0,24.0,8.90043793622554,5.998E9
2007,"Palau","PLW",,3.49792824153641,,,,67.760470877539,,,,1.64289E8,2.09999999999999,8250.0,,1.66384522428629E8,,,,91.0,64.0742837317167,,20.7038354092582,2.74298099945585,,,,,76.6941182915472,,53.0254162470102,10.42,93.1484666233318,2.234E7,0.573200834900153,20162.0293751165,,,99.0655457542686,,,,75.7982363492054,460.0,28.0,,
2007,"Panama","PAN",82.6,6.65893446963012,,,,79.9906596733965,9.862188E9,2.561,1.9072E9,1.94854E10,11.5430551362986,5500.0,10610.0,1.83837319748237E10,3.54584119464101E10,23.4970798649245,0.080328988541828,89.0,75.0166791546491,,16.5086609011371,1.93703404702559,22.309763060875,75.5663414634146,,31.9136379032506,41.2398000554261,,90.1224551716433,22.7,93.9533437329683,-1.3484E8,1.60128910285291,3340604.72971589,1.0,98.8152327221439,100.997025177861,44129.7345623221,,,76.8324046292328,75520.0,18.0,5.27913093055905,1.803E8
2007,"Papua New Guinea","PNG",55.022,35.4585704542659,,,,89.5045523397787,2.245133E9,3.785,9.57728430033554E7,6.25873819163293E9,6.20987252256444,850.0,1870.0,5.40151291292728E9,1.18204557284216E10,19.6955403780949,,58.0,68.0112555186002,,44.9385628514887,2.43668248920844,1.81844138956048,57.42,,,122.567197494461,0.555229126349665,4.74376014667952,65.1,177.164431488261,3.172E8,1.95451224996248,6324097.1449619,1.5,,,126658.395916343,,,19.6028666942454,462840.0,56.0,,1.3315E7
2007,"Paraguay","PRY",72.3,22.0014388044115,,1.75655496831248,,50.9220902105284,3.569541E9,3.083,1.964E8,1.22222875662036E10,6.76130442689072,1710.0,4520.0,1.04621439319675E10,2.76519360669122E10,18.0386876721254,6.40031064535684,80.0,53.9164448293489,3.4,19.9769479839505,10.2275620645468,8.66390601615271,71.7585365853659,,,81.8586532660653,0.773837128035151,76.6990320285223,28.8,99.2340425531915,1.08E8,1.72205124359034,6120495.75574082,0.6,,,15358.2330176164,20.3450148941336,,58.021613211638,406750.0,35.0,6.23654277200109,4.8389E8
2007,"Peru","PER",54.7,6.63729521669582,,1.95566292338021,,28.8698254444252,3.2154419E10,2.599,5.34256E9,1.07291240775086E11,8.8567316524182,3340.0,7070.0,9.52884843942202E10,2.01539517753805E11,22.9232535217086,2.05891294135096,99.0,22.4017516645338,,36.9644041041089,2.03769847969029,26.7862535362722,73.1343902439024,,98.7593294984106,45.0879201792523,1.16701066028495,54.0795105849379,19.9,161.890694239291,2.6301E8,1.17317090420612,2.8508481E7,0.5,103.88008415508,102.06679718241,56684.8861572106,19.9690148926557,,56.3983006791953,1285220.0,72.0,25.0162354570013,2.130815E9
2007,"Philippines","PHL",44.971,14.189889787566,,-1.46709854359622,,42.5218926873534,6.5845349E10,3.11,2.928E9,1.44042655197614E11,7.07881532877074,1600.0,3660.0,1.41526112830855E11,3.24979704849335E11,15.3812828612096,53.588279192551,92.0,42.2751332509259,,31.5640588749623,2.93026102959426,5.9739725288564,71.6956097560976,,71.6623140960469,75.2982933084647,0.935532379327564,64.6370481993066,28.2,81.6710686342107,6.3446E8,1.84181391789802,8.8718185E7,,94.1521792697008,102.087663864991,5399.11856853248,15.7559610946402,,54.2460513374717,300000.0,58.0,13.6611544177073,1.6302E10
2007,"Poland","POL",13.915,4.31716495941475,,-2.0007385562077,,40.6115721887641,1.95374298E11,1.31,2.2959E10,4.24789821809376E11,6.69999999999999,9870.0,15600.0,3.76271298872178E11,5.94809402208793E11,23.6465191709792,3.76225597571557,98.0,43.2992190704062,,31.1158222263366,3.90880909879827,43.9554586816143,75.1439024390244,,48.8057527171721,72.1673274454227,1.93726356416335,108.573368282103,6.8,109.371550518653,,-0.0543050208038707,3.812056E7,0.1,96.3514025777104,99.2538938090473,1406.06538833637,32.5076195516589,,64.5670128142486,312690.0,31.0,25.5587904944587,1.0496E10
2007,"Portugal","PRT",16.489,2.65393328210214,,-2.57592802973283,,32.936830017431,,1.3,5.53410208623726E9,2.22758266725063E11,1.75104120037743,18960.0,21790.0,2.01089218068581E11,2.31144261422831E11,22.1796909608918,8.58302366370414,95.0,40.1009240206665,,24.4607487481987,2.98257834126963,40.0554186872869,78.2970731707317,,59.3728237090468,58.2917393455326,1.95998798201726,126.795873244953,3.8,,,0.22640847104148,1.0608335E7,0.5,,100.51929457773,3582.0889894597,39.3943637135567,,72.8853179696992,92120.0,7.0,,3.94134E9
2007,"Puerto Rico","PRI",53.75,,,,,,,1.7604,,,,,,,,,,,,,,,25.3732403657806,78.4258536585366,,,,,,,,,0.367622707156042,3941160.0,,,,1801.50006597042,,,,8950.0,7.0,,
2007,"Qatar","QAT",15.941,,,,,,,2.43,,,,,,,,,,92.0,,,,,30.8557051847255,75.8353658536585,,,,,111.148139910844,14.9,186.056523318527,,12.8272648314107,1137553.0,,103.741527338455,98.613089938392,44.8330759094302,,,,11000.0,6.0,,
2007,"Romania","ROM",31.231,8.97024939935092,,-2.3571153941191,,31.3361502347418,8.5379642E10,1.29,9.492E9,1.65976294959603E11,6.0,6390.0,12350.0,1.37703010289157E11,2.66207000116857E11,29.6,3.6672198012704,97.0,43.7056832221399,,36.0789791975657,10.8250951611578,23.8786064223797,72.57,,27.0672748846059,66.9450474220091,1.57104027674821,94.7562089403878,14.9,,,-0.189143146569654,2.1546873E7,0.1,120.344458895899,99.2498873325713,1963.16189360749,25.8152341954534,,54.9507714030834,238390.0,14.0,19.0593579111586,8.539E9
2007,"Russian Federation","RUS",25.061,4.76091299958346,,6.2348048042586,,30.4880045108132,3.70172486E11,1.41,5.50732E10,1.29008212749316E12,8.09999999999999,7530.0,14330.0,1.06989376887909E12,2.03648500504527E12,24.560892947004,6.87077364505675,99.0,21.7861971540649,,38.467838156492,13.5262675783504,21.1118930330753,67.5829268292683,,116.50505560608,44.7947450541722,3.46799080861177,114.919071076707,14.5,,,-0.281096460565032,1.421E8,1.1,93.3821154186819,98.4051342826866,30349.7536945813,31.5753893911008,,56.7712488439245,1.709824E7,30.0,9.13616056053038,4.71335E9
2007,"Rwanda","RWA",36.707,38.9316096872727,,,,9.73776000520614,4.95781E8,5.43,6.714E7,3.41181216849813E9,7.94445320729469,330.0,920.0,3.14242578539101E9,8.69722533765068E9,20.7044656344926,16.3268352728086,99.0,27.6747077428064,,13.9369014988592,10.5481912729185,2.11538717825754,49.8114634146342,,,26.7897514534731,1.62904433110967,6.7178033311848,180.6,127.232300860539,7.1259E8,2.62048902695432,9454534.0,2.8,,100.233180303441,1004.80890967233,,,47.1314888138681,26340.0,16.0,3.23828875059471,5.1271E7
2007,"Samoa","WSM",27.583,10.9765931770256,,,,,1.140015E9,3.929,2490000.0,5.44398470363289E8,6.39208099931274,2750.0,4440.0,4.98567119839366E8,8.04325137702403E8,,,63.0,,,31.4354011865676,7.12995841905919,4.68855482788086,71.6180487804878,,,44.5611097764684,,47.4371429644416,27.0348,80.2394456853646,3.693E7,0.538658756816113,181292.537083156,,98.3166960266197,,,,,57.5880056364068,2840.0,35.0,26.9158517021358,1.1976E8
2007,"San Marino","SMR",,,,,,,,,,1.70271010128661E9,4.4759425428454,46770.0,,1.43019195632215E9,,,,92.0,,,,1.68272758184507,51.0137344669719,,,,,,57.2269457161544,3.5,,,1.30342178389069,30580.0,,,,,,,,60.0,,,
2007,"Sao Tome and Principe","STP",66.117,,,,,,1.68643E8,3.853,3.531E7,1.44919404881508E8,6.0,920.0,1710.0,1.45260625530832E8,2.69767652304874E8,,,86.0,,,,19.388625160761,14.5557729518172,65.4334146341464,,,59.2679973190807,,19.0484439163802,98.7,,3.598E7,1.84390306246426,158012.907154674,,72.1365360303413,101.265834912268,13796.3413195484,,,,960.0,144.0,39.1669367799646,2000000.0
2007,"Saudi Arabia","SAU",26.143,2.79296618239208,,,,64.9879702270946,,3.352,-8.06884589726484E9,3.83586712913554E11,3.3809458407728,15500.0,22950.0,3.74333136813018E11,5.5434743466457E11,21.6825962329665,0.610604871779006,96.0,37.8688486961312,,65.6293494462966,4.1243741441823,26.1617221805912,73.0117073170732,,134.287959582189,84.7703252102167,9.24557082472283,117.483518545468,24.8,236.515808327471,-1.3095E8,2.00098347177672,2.41574310604394E7,,93.3592779354424,,99.3483120781944,,,31.5776843713113,2000000.0,15.0,,
2007,"Senegal","SEN",104.369,13.5760921043649,,,,25.44569915225,2.588263E9,5.04,7.8E7,1.12991399330475E10,4.66018437728091,870.0,1720.0,1.03284344000349E10,2.04869079199604E10,30.9,3.95019690994807,84.0,47.8535198197487,,24.1978733808378,5.60838492829348,6.89461786790669,55.4131707317073,,,54.1880293392262,1.70858939221186,30.5280562600818,113.6,97.3840382187212,8.428E8,2.64514809764511,1.1893335E7,1.0,50.1261349627306,93.5615288161993,2169.28220721942,,,62.2260345147973,196720.0,58.0,,1.1918E9
2007,"Serbia","SRB",22.102,12.9581844123548,,-0.941779155535539,,29.404694834655,2.6280405E10,1.4,3.10953933259E9,4.01218753207252E10,7.52639480724338,4540.0,9830.0,3.34923536459628E10,7.25608851569924E10,23.1050583436364,,95.0,51.4604705222608,,28.4360157937786,6.80000000000032,20.320855470083,73.3829268292683,,59.6523229041711,68.2385850141392,2.42178118383236,114.509944281569,7.7,,8.3355E8,-0.405458541825536,7381579.0,0.1,,101.886339890309,,38.9220602104457,,58.6057997938665,88361.0,23.0,,5.5772E9
2007,"Seychelles","SYC",,2.39378774412585,,-6.01219517012923,,108.801282981249,1.307889E9,,2.4931E8,9.12251873619158E8,7.26480203414457,11060.0,19190.0,9.40220904456984E8,1.63174768987243E9,33.2018327224176,0.0,99.0,143.934784121051,,22.6926143985489,6.68252263116797,37.6328911468624,73.1926829268293,,,133.660344830274,1.66857516767545,90.8810800639759,12.82,83.277571890097,2780000.0,0.509338961910302,85032.0,,113.862815884477,105.58954990065,,40.4155590749223,,74.9135978573253,460.0,38.0,11.2388195144511,1.1189E7
2007,"Sierra Leone","SLE",126.02,44.6904762424181,,,,20.9495953301389,3.48174E8,5.22,9.447E7,1.66351661933362E9,6.84530168843953,280.0,720.0,1.53681374749713E9,3.88566494270757E9,13.4374494645537,,67.0,28.3315474292524,,24.4372620589532,10.3006520701223,0.239834698546233,47.3739024390244,,,41.4727446652361,1.77204880940911,14.3162866209136,261.8,,5.3537E8,2.79876495019997,5420400.0,1.7,80.754708713402,86.4281908758439,29518.1167441517,,,30.8722616986287,71740.0,26.0,2.53404553078316,1.4842E8
2007,"Singapore","SGP",4.539,0.0769885155253084,,12.0463731712842,,230.166208949529,,1.29,2.41370577742488E10,1.66949511481701E11,7.76624570853765,31890.0,46820.0,1.46339189183449E11,2.14858118778338E11,20.7443235788578,46.4730721536267,95.0,198.49267321381,,30.5125478519779,5.57805900315458,67.665518894652,80.4926829268293,,211.733826510026,336.900177190186,3.96087611431933,129.104737828532,2.7,84.4808025801851,,4.16522945206268,4588600.0,0.2,,,130.758837118075,20.8635552499692,,69.4104636324968,699.0,5.0,,
2007,"Slovak Republic","SVK",20.704,3.54794523834084,,-1.83254254010593,,86.4727671538082,,1.25,3.36335111455666E9,7.49719176142111E10,10.423169946985,11720.0,19220.0,6.32779163373567E10,1.03733872080818E11,27.8375587832561,5.01528032064327,99.0,87.4981446808878,,40.4804518785586,1.1144713796094,42.8291792330932,74.1926829268293,,9.29854833895641,158.374428117193,1.51831220203575,112.427375967101,7.8,,,0.109540274600589,5397318.0,0.1,94.1599176845459,100.205502622315,2334.49279808972,29.0979883753126,,55.9716028831005,49030.0,25.0,,1.482652E9
2007,"Slovenia","SVN",4.885,2.36631766294671,,0.150102007407375,,70.1649002592579,,1.37,1.48277266046188E9,4.71816894495386E10,6.76455407834504,21510.0,26230.0,4.34117597220076E10,5.29284390828929E10,31.4477384570412,5.3660180244629,96.0,71.468560205101,,34.3816526418586,4.12450195519203,52.563720131885,77.739756097561,,61.3869073742615,130.903293037134,1.44469505792724,95.5547781551363,3.9,,,0.559207815536831,2018122.0,0.1,,99.2778537496596,9251.17510239713,36.9717956899802,,63.2520296951947,20270.0,60.0,,2.8441E8
2007,"Solomon Islands","SLB",41.787,33.4130761204286,,,,43.1469581702243,1.78162E8,3.866,4.24208813766023E7,5.30941176470588E8,10.2440924435212,1050.0,2420.0,5.18243978823637E8,1.1968077120471E9,18.8541743604895,,78.0,67.4545141197036,,6.71366401140152,6.01326643467308,1.81685409790183,63.5887804878049,,,85.5385796255263,,2.20041218523666,70.3,97.4393367641318,2.4802E8,2.31579152532206,495361.736002551,,,,90237.0868624576,,,59.8732598681699,28900.0,57.0,,2.0432E7
2007,"Somalia","SOM",70.144,,,,,,2.943628E9,6.043,1.41E8,,,,,,,,,34.0,,,,,1.12696428591223,48.1348780487805,,,,,6.89978134231981,141.5,,3.8415E8,2.92332814199271,8695927.74367936,0.5,,,689.97813423198,,,,637660.0,,,
2007,"South Africa","ZAF",59.16,3.19638076205642,,1.64785807113851,,31.5662257651747,4.3380134E10,2.69,5.74587E9,2.83743429687231E11,5.09778737017473,5730.0,9460.0,2.74323158007171E11,4.52531497820805E11,21.3429537298545,5.72657603866629,83.0,34.6557376721162,,31.1677151163971,8.99045611412188,8.28828000426326,50.4634146341463,,293.768187308801,55.7664719054183,1.43560607197489,88.3999607111286,59.0,126.705256660377,7.9414E8,0.96528820598173,4.78507E7,18.1,84.4544937276386,99.7732102137846,936.245446775073,31.9284763136753,,65.6359041215465,1219090.0,31.0,5.93913022920046,8.3368E8
2007,"Spain","ESP",12.121,2.90626544571347,,2.61066363892678,,26.1965541678414,,1.38,6.01218111970581E10,1.43688820759882E12,3.82516085280116,29290.0,30750.0,1.31460049665179E12,1.379988852997E12,31.3053889705938,5.18053560248398,97.0,32.7358817657413,,30.2750333494545,3.08018045585874,51.3050741277452,80.8673170731708,,125.277466923341,44.7534227798147,1.16388277160122,107.895744875464,4.3,104.706016841232,,1.71362290408843,4.4878945E7,0.5,,102.75603310775,2477.77660548839,27.8039297117297,,66.8187012048321,505370.0,47.0,,1.073896E10
2007,"Sri Lanka","LKA",29.769,11.6831643328505,98.5,-6.52082550923691,68.0,29.1149996870361,1.4020443E10,1.882,6.03E8,3.2357034358047E10,6.79764348869291,1540.0,4200.0,3.07884300589469E10,8.39898616201479E10,27.305928876728,,98.0,39.491511973103,,29.9198197775274,14.0275701144305,3.85664667666167,72.4192682926829,,23.3432085166407,58.8440516189173,2.85020655614572,39.8974962518741,20.5,75.7930374726349,5.8879E8,0.621618203776028,2.001E7,,104.327648180507,,2498.75062468766,15.7741049233686,,58.3970158896221,65610.0,39.0,6.65066199668941,2.5267E9
2007,"St. Kitts and Nevis","KNA",,,,,,,2.74496E8,,1.426E8,5.11681472444861E8,3.68770598222309,9860.0,13660.0,4.81293099761377E8,6.66256172767095E8,,41.451191904932,99.0,,,,-0.313123136492081,30.7441045635317,,,85.9376722851185,60.7155069570118,,,18.0,78.1424865705796,2890000.0,0.816695756609715,48789.8418670903,,95.8139534883721,97.3562242798354,491.905673016507,,,,260.0,45.0,17.3332789661399,3.7252E7
2007,"St. Lucia","LCA",61.645,,,,,,4.40779E8,,2.6093E8,9.5522220535239E8,1.11743512088142,5310.0,8910.0,8.92697317634014E8,1.49606120229873E9,,,94.0,,,,3.23301362254959,41.6727530689597,74.3867102462707,,,76.2075039630651,,,18.1,101.837924107765,2.364E7,1.17457942661967,167975.463210133,0.55,115.957446808511,103.266714201793,,,,,620.0,20.0,7.55821942227988,3.1087E7
2007,"St. Vincent and the Grenadines","VCT",58.928,,,,,,2.53476E8,2.132,9.164E7,5.54992592592593E8,7.69319942248312,4890.0,8520.0,5.3290664657594E8,9.28186397610706E8,,,99.0,,,,3.50083628177732,52.2911793037017,71.5821951219512,,,67.4350007540975,,101.363240218339,19.1,101.307493140627,6.556E7,0.12208724786924,109005.0,,,,,,,,390.0,12.0,10.7103643252548,3.0548E7
2007,"Sudan","SDN",56.824,28.3200988769531,,,,20.0899124145508,1.9126424E10,4.228,2.42559E9,4.6227910656E10,10.1626024246216,910.0,1790.0,3.67025338242909E10,7.25219712117952E10,24.2478656768799,,79.0,23.8848743438721,,30.7089729309082,7.02944183349609,8.65644632201941,57.9524390243903,,,38.1895909840533,,20.3255635049763,108.6,180.698905107682,2.10419E9,2.21879638858705,4.0432296E7,1.4,49.9735137849911,87.5894674049793,741.981113315949,,,40.9709281921387,2505810.0,39.0,3.2477932701234,1.769157E9
2007,"Suriname","SUR",39.461,,,,,,,2.415,-2.467E8,2.4253621129326E9,5.3920704845815,4450.0,6950.0,2.27089958810572E9,3.548871281719E9,,,85.0,,,,8.86755559745747,8.62126395567103,68.9419512195122,,,112.425727501078,,,28.5,166.481338583845,1.5087E8,1.00094470399369,510366.0,2.4,83.998595341215,113.582198546832,172425.279113421,,,,163270.0,694.0,,1.399E8
2007,"Swaziland","SWZ",83.854,7.34086059096236,69.0,,50.6,79.859647343006,3.93195E8,3.574,3.749E7,2.89357468020029E9,3.51061279660794,2550.0,4880.0,2.93436457104211E9,5.61683524368078E9,12.9712290142541,0.0593310655529783,91.0,81.2218305724616,,49.3826563306806,8.94560318354361,4.09936086447878,45.7839024390244,,7.01852608865241,134.781383963798,2.13868162780938,33.0033289936851,90.9,86.5956777191325,6.284E7,1.28378402213223,1151399.0,26.1,74.6231989907709,91.6504735957256,2292.86285640338,,,43.276483078357,17360.0,61.0,1.93225129014217,1.0045E8
2007,"Sweden","SWE",7.721,1.5024882242885,,,,52.4082497473613,,1.85,1.22856720524277E10,4.54310084630408E11,2.72890309055633,47870.0,37490.0,4.37933050091359E11,3.42961645922487E11,19.7268864528034,15.6768221849809,96.0,44.7804347762369,,28.7632185172808,3.0821083344551,79.745186209321,80.9156097560976,,134.819141239244,70.6125727367418,1.40569030522137,113.367902290445,3.2,89.3113487979046,,0.741552514625423,9148092.0,0.1,95.0196559994066,99.3770654614431,18692.4224198882,,,69.7342932584307,450290.0,15.0,,7.74684E8
2007,"Switzerland","CHE",5.518,,,,,,,1.45,4.97298282306732E10,4.24366839906895E11,3.3,60820.0,44410.0,4.59194818202297E11,3.35262242007164E11,,21.6043623280046,86.0,,,,1.4312977099237,71.9643389067423,81.7217073170732,,300.333434743513,78.5307139156104,0.808778855340409,108.725831537877,4.9,96.4223373828374,,0.879917232493537,7550077.0,0.6,87.561640904958,97.1766107223484,5350.93880499497,,,,41280.0,20.0,,2.034744E9
2007,"Syrian Arab Republic","SYR",61.101,18.115104398666,,,,38.5137393926417,,3.285,,4.05486583900681E10,4.19999537610691,1740.0,4200.0,3.56015922497002E10,8.61920578894462E10,18.4575373868605,,98.0,37.7060452243913,,34.9533411086201,13.7311846188853,16.9235956232168,74.1134146341464,,,64.6158011270173,4.08395061728395,30.4072729127805,16.9,134.435363240717,7.493E7,3.5479151928933,2.0503917E7,,114.34733465573,96.1769033069531,341.398182600915,,,46.9315544927139,185180.0,43.0,,8.24E8
2007,"Tajikistan","TJK",28.359,21.4250606906249,,,38.3,20.6592775817507,1.22789E9,3.45,3.5997E8,3.7123311546841E9,7.80000000000001,460.0,1700.0,3.09417881248319E9,1.14643968806108E10,22.0,,85.0,66.4311477965741,,27.5361441845209,27.8554094652601,7.19761951797855,66.6607317073171,,,105.674839784971,,34.9318909881221,67.3,,2.213E8,1.50225443864209,6727377.0,0.3,94.7866412793,88.7709673317143,9855.25264898934,,,51.0387951248542,142550.0,49.0,2.31369857443403,1.690761E9
2007,"Tanzania","TZA",130.437,,,,,,5.063013E9,5.579,6.4697E8,1.68255530365876E10,7.14810145652302,400.0,1130.0,1.59340069768117E10,4.68472884137472E10,,1.49253400044832,90.0,,,,8.97159467328106,0.969081244840097,55.3607317073171,,,44.6226045805071,0.964273983081192,20.1638115554653,115.6,109.37128843913,2.81084E9,2.84800388267742,4.1276209E7,6.2,85.4102958699976,,2035.0706141642,,,,947300.0,29.0,2.51086213325743,1.4327E7
2007,"Thailand","THA",37.28,11.8459243065029,,0.137377200289731,,76.0354492025607,6.3066844E10,1.81,9.49759E9,2.36614829822365E11,4.92624355085236,2660.0,6110.0,1.77918579032971E11,4.09232124495916E11,27.8401712735742,26.5583493820565,96.0,68.1129689582563,,45.5181855736345,3.44966271444507,20.0300513476099,68.7624390243902,,82.8545700821789,123.434114513981,1.35340993432766,118.044963673062,7.0,96.1298501728775,-3.1214E8,0.708399810293995,6.6979359E7,1.4,101.099473843696,104.49358115757,3135.29426281909,20.2963357821336,,42.6358901198626,513120.0,33.0,8.10414914138443,1.635E9
2007,"Timor-Leste","TMP",53.766,,,,19.8,,,6.525,,3.97567776194698E8,7.77027027027026,1520.0,3110.0,1.6209575365655E9,3.30786965980709E9,,,63.0,,,,12.8790170929041,,60.8236585365854,,,,,,96.8,,2.7831E8,3.36679114667036,1064141.0,,69.3096119566708,,,,,,14870.0,82.0,,
2007,"Togo","TGO",64.781,,,-0.8310489983991,,41.9429885863637,1.967558E9,4.304,6.9E7,2.49894345240786E9,1.89999999999999,370.0,810.0,2.36064264566004E9,5.0961085737232E9,,0.0579975204094343,80.0,62.4515183485447,,,1.34249361923482,5.41703469330584,62.3821951219512,,,84.0355150084144,,18.8932298176572,100.3,85.5372913000187,1.2088E8,2.50058949834943,6300495.0,3.3,57.3803979742587,75.2215494216762,1825.25341262869,16.9738576287052,,,56790.0,53.0,,2.28973E8
2007,"Tonga","TON",22.75,27.5199078210518,,,,,9.0511E7,4.048,2.735E7,2.528395E8,-0.276782965207673,2460.0,3850.0,2.53619764448212E8,3.96653450164397E8,,,99.0,,,12.5701228889898,6.03407552693737,8.15011740050065,71.8060975609756,,,59.7493666930998,1.49620609121597,45.1409776259872,23.0518,,3.046E7,0.555554281808236,103066.0,,,,,,,59.9099692899585,750.0,32.0,2.78713422576034,9.9548E7
2007,"Trinidad and Tobago","TTO",34.597,0.368903452830159,,,,57.5936231217093,,1.635,,2.08778128950695E10,5.50000000000001,14480.0,22420.0,1.9302964981893E10,2.98926698280652E10,13.3718553863761,1.58011790526458,91.0,37.0928162476876,,59.0879357798881,3.87479559557305,15.9633938330431,69.7421951219512,,74.7467662366366,100.868204470657,,113.259078990266,35.3,132.214713972302,1.837E7,0.347014951703204,1333049.86537085,1.5,93.0624583696265,101.325706937686,2880.61242100026,,,40.5431607672817,5130.0,43.0,,1.094E8
2007,"Tunisia","TUN",6.882,10.3460728257599,,-2.15735446550975,,54.1340377392138,2.0231062E10,2.03,1.61961E9,3.5019906323185E10,6.33251703577513,3210.0,7140.0,3.28221988049074E10,7.30084565854997E10,24.8051180882959,5.33722534044934,98.0,56.5368196966151,,29.6354253742156,2.37361138848826,16.8422751188218,74.3024390243903,,15.2915314809242,97.1129753636272,1.33970865237793,76.6974299293915,21.2,91.4746890200686,3.1013E8,0.956108199733671,1.02254E7,0.1,99.8629227907179,,410.252899642068,29.9782659578025,,60.0185018000245,163610.0,11.0,11.3173329087443,1.715758E9
2007,"Turkey","TUR",38.784,8.67396649573917,,1.39318597171897,,22.049761512291,2.51476782E11,2.131,2.2195E10,6.5588142618958E11,4.62068805825862,8120.0,12970.0,5.93031632528249E11,9.46749346033105E11,21.6291610442239,0.37743359043527,96.0,27.1471702463521,,28.3086264909252,7.58760067691216,28.9581179790579,71.7704878048781,,43.6926612886225,42.2842381764349,2.11014941276479,84.8940224100312,23.0,94.7061869802297,7.9717E8,1.2624021768062,7.3003736E7,,97.2707195395083,89.5422660613339,3109.42990643657,25.5208791605888,,63.0174070133356,783560.0,6.0,32.135318375252,1.209E9
2007,"Turkmenistan","TKM",19.542,,,,,62.7027303754266,7.43419E8,2.499,8.04E8,1.29264705882353E10,11.6,2230.0,5650.0,1.10921446619167E10,2.80434687947529E10,,,99.0,47.8617883959044,,,9.73289589980972,1.41034290558477,63.1712195121951,,,88.4232081911263,,7.00335991401808,50.0,,2.849E7,1.295310023707,4963331.94734482,0.1,,,274.009478799324,,,,488100.0,,,
2007,"Uganda","UGA",149.954,24.0382693769392,,,,16.7350629376926,1.61102E9,6.381,4.8404E8,1.18923751248202E10,8.58810892115258,370.0,1050.0,1.13971503474882E10,3.23122085069449E10,22.1020048984693,10.571631086096,68.0,30.5920639234374,,25.9195408805209,7.27610429103093,3.67196535074744,52.3660975609756,,,43.5512161838094,2.25808294261575,13.6932581802249,130.4,104.166859823158,1.72778E9,3.27055789745755,3.0637544E7,5.4,,98.4856745362655,1272.94798825911,,,50.0421897425399,241040.0,28.0,2.13302418928054,4.5157E8
2007,"Ukraine","UKR",28.335,7.46048325983763,98.7,-0.555214081259166,66.7,44.8440541616775,7.3599823E10,1.2,9.891E9,1.4271900990099E11,7.90000076782249,2570.0,6830.0,1.19485394649074E11,3.17657959712566E11,26.6536336025507,3.62572747704285,98.0,50.3626179531614,,36.7341440704802,22.7526076490092,21.5010530140714,68.2170731707317,,78.3054689613739,77.014337526761,2.87000281658483,118.772676891851,24.2,,4.0529E8,-0.596804887457382,4.650935E7,1.6,101.346137688449,99.6330666194927,1141.70591504719,34.3199890111567,,55.8053726696821,603550.0,27.0,16.9208794979199,4.503E9
2007,"United Arab Emirates","ARE",16.021,,,,,,,2.305,,,,,,,,,,92.0,,,,,51.7790693306394,79.2526829268293,,,,,177.135336450877,7.9,154.008550372315,,2.69997301328036,4364746.27531142,,104.860670053985,101.251236093064,34.3662587785352,,,,83600.0,18.0,,
2007,"United Kingdom","GBR",24.12,0.93945415229969,,-2.68640829911115,,25.9441820362602,,1.9,1.9776623608789E11,2.77202994575335E12,3.02473392954174,43430.0,35540.0,2.64910499029767E12,2.16779646794616E12,18.7460058072403,19.4970786713366,86.0,29.4969104354853,,23.08139987922,3.08690121638442,71.725701898914,79.3260975609756,,139.194218756798,38.3297820064221,2.38239832816179,120.036980826372,5.8,104.47862030864,,0.652008314567837,6.1001341E7,0.2,,101.589622961197,2376.99692536267,38.0985873284889,,75.9791459684803,243610.0,13.0,,8.234057E9
2007,"United States","USA",35.882,,,-2.12705685888841,,,,2.1,2.37541E11,1.37513954447301E13,2.0,46090.0,45890.0,1.38875050044205E13,1.38272472965819E13,,28.4072204268384,93.0,,,,2.65638389031704,73.5915669288725,77.9853658536586,,145.05643372829,23.1458837235298,4.05021441088325,87.2913140163962,7.6,96.5617634826003,,0.976239006979188,3.0129E8,0.6,96.344510597739,100.296808644293,9293.37183444522,19.5732862953301,,,9632030.0,6.0,,2.972E9
2007,"Uruguay","URY",61.1,10.0031230144959,,-1.48221367652375,,27.9858493647719,1.236265E10,2.02,8.7918E8,2.42538059451213E10,7.58165271221995,6620.0,11300.0,2.20172914225524E10,3.75684961740856E10,20.9583272991984,3.07836261127233,96.0,28.9149777426334,,27.4111431506823,9.77722493137252,29.1223638694957,75.8551219512195,,0.655567214315835,41.8162206086261,1.19663898468563,90.3853177556766,14.0,88.7573964497041,3.382E7,0.284407272239314,3323906.0,0.6,103.666075263797,97.9222891648566,17750.2011188042,25.5857416530478,,62.5857338348218,176220.0,44.0,19.0827969865083,9.648E7
2007,"Uzbekistan","UZB",12.881,23.9512130411897,,,,40.2999240166868,3.875534E9,2.39,2.62E8,2.23113939278817E10,9.5,730.0,2430.0,1.97246134206129E10,6.53242362980448E10,19.4384533522526,,99.0,30.1926451649521,,32.0085335573503,24.0132963897767,7.54062483716568,67.1368292682927,,,57.7149058531394,,21.9153596498411,40.8,,1.661E8,1.43198032604381,2.68678E7,0.1,97.460947993338,97.9388781808749,608.162931092237,,,44.04025340146,447400.0,15.0,,
2007,"Vanuatu","VUT",47.04,14.3901500577145,,,,42.3220469411312,9.4086E7,3.744,3.416E7,5.07428883812648E8,6.82538857410199,1970.0,3530.0,4.4489063704138E8,7.98205124548859E8,,,65.0,49.4420931127357,,8.81685263562909,5.90672492949496,7.52552990503621,70.1329268292683,,,45.6682067955675,,11.5096339724083,34.1248,,5.669E7,2.29518078473064,225897.71370948,,,,,,,76.7929973066564,12190.0,39.0,1.48542518123055,5543000.0
2007,"Venezuela, RB","VEN",89.9,,,,,31.0270708190806,4.3148252E10,2.58,6.46E8,2.28070799254774E11,8.4002928926586,7550.0,12290.0,2.0761756600472E11,3.37849932873682E11,27.964581986596,,55.0,24.6963968481126,,,14.0309710712221,20.8117490812502,73.5624390243902,,,50.5376402312876,1.30231093758656,86.6722410217225,19.3,161.613846051654,7.12E7,1.65832761667099,2.7483E7,,97.7425167867417,102.577911171447,26287.1957209912,,,,912050.0,141.0,7.43483742043716,1.36E8
2007,"Vietnam","VNM",16.64,20.2958877287448,,,,76.7885910586837,2.4222307E10,2.136,6.7E9,6.86428466907774E10,8.47961671286141,770.0,2530.0,6.54182959313544E10,2.15365838360102E11,41.6471811995472,,83.0,90.222418412346,,41.6060978221439,8.24454768526195,20.9876354737073,74.2226829268293,,28.4687785284196,162.076611567666,2.06553235753028,27.8671080583736,14.9,91.9881643108798,2.49673E9,1.20279053734755,8.51549E7,0.5,,,4303.92144198396,,,38.124150470055,329310.0,50.0,2.25535521873429,5.5E9
2007,"Virgin Islands (U.S.)","VIR",30.559,,,,,,,1.88,,,,,,,,,,,,,,,27.3171797743601,78.7943902439025,,,,,,,,,0.0519161156547745,109821.0,,,,,,,,350.0,,,
2007,"West Bank and Gaza","WBG",78.738,,,,,,,4.6,,,,,,,,,,,,,,,9.5871190406998,73.3514634146342,,,,,27.6657464751812,27.3,,1.8682E9,3.44288185867522,3708069.11326357,,82.7930639533335,104.138227558914,,,,,6020.0,92.0,,5.9797E8
2007,"Yemen, Rep.","YEM",68.052,,,,,,5.925838E9,5.501,9.173E8,2.16583816278216E10,3.30000000008428,950.0,2440.0,2.12392466234372E10,5.45363855781638E10,,1.44176611013178,74.0,,,,10.9389187419578,1.42964953460297,62.6853658536585,,,72.2353141100023,4.8503132977489,,72.5,154.757924917908,2.2536E8,2.95093749096672,2.23831080453481E7,,,,93.8207507083202,,,,527970.0,63.0,2.69668579938506,1.3215E9
2007,"Zambia","ZMB",141.798,21.609221451737,46.5,-0.838045471624514,40.8,42.082354981262,2.788509E9,5.874,9.8386E8,1.14100616611535E10,6.200025421802,740.0,1130.0,9.11645030863837E9,1.38825216904164E10,24.0013181808229,1.52017557991273,85.0,35.6495983796849,,38.177972772738,11.7998719972303,4.87252579230924,45.0826829268293,,20.5597924854934,75.2822487300357,1.30504280803171,21.4312037526245,169.8,193.206004126255,1.04476E9,2.42033662535873,1.2313942E7,15.2,88.0866719317233,95.5612926720776,6512.94280905335,17.5976244189647,,40.212805775525,752610.0,33.0,2.47741898074045,5.93E7
2007,"Zimbabwe","ZWE",64.63,,,,,,5.293383E9,3.471,6.89E7,,,,,,,,3.09359233857387,66.0,,,,,10.8520863838928,43.8341463414634,,,,,9.84522804201613,90.0,94.0385599813684,4.6533E8,-0.0813615567025377,1.2449219E7,15.3,,,984.800733282939,,,,390760.0,96.0,,
